--------------------------------------------------------
-- Archivo creado  - martes-mayo-23-2023   
--------------------------------------------------------
--------------------------------------------------------
--  DDL for Sequence CARACTERISTICAS_SEQ
--------------------------------------------------------

   CREATE SEQUENCE  "CARACTERISTICAS_SEQ"  MINVALUE 1 MAXVALUE 9999999999999999999999999999 INCREMENT BY 1 START WITH 21 CACHE 20 NOORDER  NOCYCLE ;
--------------------------------------------------------
--  DDL for Sequence CATEGORIAS_SEQ
--------------------------------------------------------

   CREATE SEQUENCE  "CATEGORIAS_SEQ"  MINVALUE 1 MAXVALUE 9999999999999999999999999999 INCREMENT BY 1 START WITH 9 CACHE 20 NOORDER  NOCYCLE ;
--------------------------------------------------------
--  DDL for Sequence CONTACTOS_SEQ
--------------------------------------------------------

   CREATE SEQUENCE  "CONTACTOS_SEQ"  MINVALUE 1 MAXVALUE 9999999999999999999999999999 INCREMENT BY 1 START WITH 5 CACHE 20 NOORDER  NOCYCLE ;
--------------------------------------------------------
--  DDL for Sequence DEPARTMENTS_SEQ
--------------------------------------------------------

   CREATE SEQUENCE  "DEPARTMENTS_SEQ"  MINVALUE 1 MAXVALUE 9990 INCREMENT BY 10 START WITH 280 NOCACHE  NOORDER  NOCYCLE ;
--------------------------------------------------------
--  DDL for Sequence EMPLOYEES_SEQ
--------------------------------------------------------

   CREATE SEQUENCE  "EMPLOYEES_SEQ"  MINVALUE 1 MAXVALUE 9999999999999999999999999999 INCREMENT BY 1 START WITH 207 NOCACHE  NOORDER  NOCYCLE ;
--------------------------------------------------------
--  DDL for Sequence IMAGENES_SEQ
--------------------------------------------------------

   CREATE SEQUENCE  "IMAGENES_SEQ"  MINVALUE 1 MAXVALUE 9999999999999999999999999999 INCREMENT BY 1 START WITH 1 CACHE 20 NOORDER  NOCYCLE ;
--------------------------------------------------------
--  DDL for Sequence INFOPEDIDOS_SEQ
--------------------------------------------------------

   CREATE SEQUENCE  "INFOPEDIDOS_SEQ"  MINVALUE 1 MAXVALUE 9999999999999999999999999999 INCREMENT BY 1 START WITH 1 CACHE 20 NOORDER  NOCYCLE ;
--------------------------------------------------------
--  DDL for Sequence INFOPEDIDOS_SEQ1
--------------------------------------------------------

   CREATE SEQUENCE  "INFOPEDIDOS_SEQ1"  MINVALUE 1 MAXVALUE 9999999999999999999999999999 INCREMENT BY 1 START WITH 384 CACHE 20 NOORDER  NOCYCLE ;
--------------------------------------------------------
--  DDL for Sequence LOCATIONS_SEQ
--------------------------------------------------------

   CREATE SEQUENCE  "LOCATIONS_SEQ"  MINVALUE 1 MAXVALUE 9900 INCREMENT BY 100 START WITH 3300 NOCACHE  NOORDER  NOCYCLE ;
--------------------------------------------------------
--  DDL for Sequence PEDIDOS_SEQ
--------------------------------------------------------

   CREATE SEQUENCE  "PEDIDOS_SEQ"  MINVALUE 1 MAXVALUE 9999999999999999999999999999 INCREMENT BY 1 START WITH 77 CACHE 20 NOORDER  NOCYCLE ;
--------------------------------------------------------
--  DDL for Sequence PRODUCTOS_SEQ
--------------------------------------------------------

   CREATE SEQUENCE  "PRODUCTOS_SEQ"  MINVALUE 1 MAXVALUE 9999999999999999999999999999 INCREMENT BY 1 START WITH 36 CACHE 20 NOORDER  NOCYCLE ;
--------------------------------------------------------
--  DDL for Sequence TRABAJOS_SEQ
--------------------------------------------------------

   CREATE SEQUENCE  "TRABAJOS_SEQ"  MINVALUE 1 MAXVALUE 9999999999999999999999999999 INCREMENT BY 1 START WITH 1 CACHE 20 NOORDER  NOCYCLE ;
--------------------------------------------------------
--  DDL for Sequence USUARIOS_SEQ
--------------------------------------------------------

   CREATE SEQUENCE  "USUARIOS_SEQ"  MINVALUE 1 MAXVALUE 9999999999999999999999999999 INCREMENT BY 1 START WITH 1 CACHE 20 NOORDER  NOCYCLE ;
--------------------------------------------------------
--  DDL for Sequence USUARIOS_SEQ1
--------------------------------------------------------

   CREATE SEQUENCE  "USUARIOS_SEQ1"  MINVALUE 1 MAXVALUE 9999999999999999999999999999 INCREMENT BY 1 START WITH 60 CACHE 20 NOORDER  NOCYCLE ;
--------------------------------------------------------
--  DDL for Table CARACTERISTICAS
--------------------------------------------------------

  CREATE TABLE "CARACTERISTICAS" 
   (	"ID_CARACTERISTICA" NUMBER(*,0), 
	"NOMBRE_CARACTERISTICA" VARCHAR2(50 BYTE), 
	"VALOR_CARACTERISTICA" VARCHAR2(50 BYTE)
   ) SEGMENT CREATION IMMEDIATE 
  PCTFREE 10 PCTUSED 40 INITRANS 1 MAXTRANS 255 NOCOMPRESS LOGGING
  STORAGE(INITIAL 65536 NEXT 1048576 MINEXTENTS 1 MAXEXTENTS 2147483645
  PCTINCREASE 0 FREELISTS 1 FREELIST GROUPS 1 BUFFER_POOL DEFAULT FLASH_CACHE DEFAULT CELL_FLASH_CACHE DEFAULT)
  TABLESPACE "USERS" ;
--------------------------------------------------------
--  DDL for Table CATEGORIAS
--------------------------------------------------------

  CREATE TABLE "CATEGORIAS" 
   (	"ID_CATEGORIA" NUMBER(*,0), 
	"NOMBRE_CATEGORIA" VARCHAR2(50 BYTE)
   ) SEGMENT CREATION IMMEDIATE 
  PCTFREE 10 PCTUSED 40 INITRANS 1 MAXTRANS 255 NOCOMPRESS LOGGING
  STORAGE(INITIAL 65536 NEXT 1048576 MINEXTENTS 1 MAXEXTENTS 2147483645
  PCTINCREASE 0 FREELISTS 1 FREELIST GROUPS 1 BUFFER_POOL DEFAULT FLASH_CACHE DEFAULT CELL_FLASH_CACHE DEFAULT)
  TABLESPACE "USERS" ;
--------------------------------------------------------
--  DDL for Table CONTACTOS
--------------------------------------------------------

  CREATE TABLE "CONTACTOS" 
   (	"ID_CONTACTO" NUMBER(38,0), 
	"NOMBRE" VARCHAR2(40 BYTE), 
	"EMAIL" VARCHAR2(20 BYTE), 
	"TELEFONO" VARCHAR2(10 BYTE), 
	"MENSAJE" VARCHAR2(50 BYTE)
   ) SEGMENT CREATION IMMEDIATE 
  PCTFREE 10 PCTUSED 40 INITRANS 1 MAXTRANS 255 NOCOMPRESS LOGGING
  STORAGE(INITIAL 65536 NEXT 1048576 MINEXTENTS 1 MAXEXTENTS 2147483645
  PCTINCREASE 0 FREELISTS 1 FREELIST GROUPS 1 BUFFER_POOL DEFAULT FLASH_CACHE DEFAULT CELL_FLASH_CACHE DEFAULT)
  TABLESPACE "USERS" ;
--------------------------------------------------------
--  DDL for Table INFOPEDIDOS
--------------------------------------------------------

  CREATE TABLE "INFOPEDIDOS" 
   (	"ID_INFO" NUMBER(*,0), 
	"NUMERO_PEDIDO" NUMBER(*,0), 
	"ID_PRODUCTO" NUMBER(*,0), 
	"FECHA" DATE, 
	"CANTIDAD" NUMBER(*,0)
   ) SEGMENT CREATION IMMEDIATE 
  PCTFREE 10 PCTUSED 40 INITRANS 1 MAXTRANS 255 NOCOMPRESS LOGGING
  STORAGE(INITIAL 65536 NEXT 1048576 MINEXTENTS 1 MAXEXTENTS 2147483645
  PCTINCREASE 0 FREELISTS 1 FREELIST GROUPS 1 BUFFER_POOL DEFAULT FLASH_CACHE DEFAULT CELL_FLASH_CACHE DEFAULT)
  TABLESPACE "USERS" ;
--------------------------------------------------------
--  DDL for Table PEDIDOS
--------------------------------------------------------

  CREATE TABLE "PEDIDOS" 
   (	"NUMERO_PEDIDO" NUMBER(*,0), 
	"ID_USUARIO" NUMBER(*,0), 
	"DIRECCION_ENVIO" VARCHAR2(100 BYTE), 
	"ESTADO" NUMBER(*,0), 
	"PRECIOTOTAL" NUMBER(*,0)
   ) SEGMENT CREATION IMMEDIATE 
  PCTFREE 10 PCTUSED 40 INITRANS 1 MAXTRANS 255 NOCOMPRESS LOGGING
  STORAGE(INITIAL 65536 NEXT 1048576 MINEXTENTS 1 MAXEXTENTS 2147483645
  PCTINCREASE 0 FREELISTS 1 FREELIST GROUPS 1 BUFFER_POOL DEFAULT FLASH_CACHE DEFAULT CELL_FLASH_CACHE DEFAULT)
  TABLESPACE "USERS" ;
--------------------------------------------------------
--  DDL for Table PRODUCTOS
--------------------------------------------------------

  CREATE TABLE "PRODUCTOS" 
   (	"ID_PRODUCTO" NUMBER(*,0), 
	"NOMBRE_PRODUCTO" VARCHAR2(50 BYTE), 
	"DESCRIPCION_PRODUCTO" VARCHAR2(50 BYTE), 
	"FOTO_PRODUCTO" VARCHAR2(500 BYTE), 
	"COSTE_BASE" FLOAT(126), 
	"STOCK" NUMBER(*,0), 
	"ID_CATEGORIA" NUMBER(*,0), 
	"ID_CARACTERISTICA" NUMBER(*,0), 
	"VENTAS" NUMBER(*,0)
   ) SEGMENT CREATION IMMEDIATE 
  PCTFREE 10 PCTUSED 40 INITRANS 1 MAXTRANS 255 NOCOMPRESS LOGGING
  STORAGE(INITIAL 65536 NEXT 1048576 MINEXTENTS 1 MAXEXTENTS 2147483645
  PCTINCREASE 0 FREELISTS 1 FREELIST GROUPS 1 BUFFER_POOL DEFAULT FLASH_CACHE DEFAULT CELL_FLASH_CACHE DEFAULT)
  TABLESPACE "USERS" ;
--------------------------------------------------------
--  DDL for Table SESIONES
--------------------------------------------------------

  CREATE TABLE "SESIONES" 
   (	"ID_USUARIO" NUMBER(*,0), 
	"TOKEN" VARCHAR2(128 BYTE), 
	"DISPOSITIVO" VARCHAR2(500 BYTE), 
	"FECHA" DATE
   ) SEGMENT CREATION IMMEDIATE 
  PCTFREE 10 PCTUSED 40 INITRANS 1 MAXTRANS 255 NOCOMPRESS LOGGING
  STORAGE(INITIAL 65536 NEXT 1048576 MINEXTENTS 1 MAXEXTENTS 2147483645
  PCTINCREASE 0 FREELISTS 1 FREELIST GROUPS 1 BUFFER_POOL DEFAULT FLASH_CACHE DEFAULT CELL_FLASH_CACHE DEFAULT)
  TABLESPACE "USERS" ;
--------------------------------------------------------
--  DDL for Table TRABAJOS
--------------------------------------------------------

  CREATE TABLE "TRABAJOS" 
   (	"ID_TRABAJO" NUMBER(38,0), 
	"ID_USUARIO" NUMBER(38,0), 
	"SEGUNDO_APELLIDO" VARCHAR2(20 BYTE), 
	"SSC" VARCHAR2(20 BYTE), 
	"CODIGO_POSTAL" VARCHAR2(10 BYTE), 
	"CIUDAD" VARCHAR2(100 BYTE), 
	"CONDADO" VARCHAR2(100 BYTE), 
	"ESTADO" VARCHAR2(100 BYTE), 
	"PUESTO_TRABAJO" VARCHAR2(20 BYTE), 
	"FECHA_NACIMIENTO" DATE
   ) SEGMENT CREATION IMMEDIATE 
  PCTFREE 10 PCTUSED 40 INITRANS 1 MAXTRANS 255 NOCOMPRESS LOGGING
  STORAGE(INITIAL 65536 NEXT 1048576 MINEXTENTS 1 MAXEXTENTS 2147483645
  PCTINCREASE 0 FREELISTS 1 FREELIST GROUPS 1 BUFFER_POOL DEFAULT FLASH_CACHE DEFAULT CELL_FLASH_CACHE DEFAULT)
  TABLESPACE "USERS" ;
--------------------------------------------------------
--  DDL for Table USUARIOS
--------------------------------------------------------

  CREATE TABLE "USUARIOS" 
   (	"ID_USUARIO" NUMBER(*,0), 
	"NOMBRE_USUARIO" VARCHAR2(20 BYTE), 
	"APELLIDO_USUARIO" VARCHAR2(20 BYTE), 
	"CORREO_USUARIO" VARCHAR2(100 BYTE), 
	"CONTRA_USUARIO" VARCHAR2(128 BYTE), 
	"NUMERO_PEDIDOS" NUMBER(*,0) DEFAULT 0, 
	"FECHA_REGISTRO" DATE, 
	"DIRECCION" VARCHAR2(50 BYTE), 
	"APARTAMENTO" VARCHAR2(15 BYTE), 
	"NOMBRE_EDIFICIO" VARCHAR2(15 BYTE), 
	"OPCIONES_ENTREGA" VARCHAR2(200 BYTE), 
	"PERMISOS" NUMBER DEFAULT 0, 
	"TELEFONO_USUARIO" NUMBER DEFAULT NULL, 
	"NUMERO_TARJETA" VARCHAR2(20 BYTE), 
	"CVV" VARCHAR2(3 BYTE), 
	"MES_CADUCIDAD" VARCHAR2(7 BYTE)
   ) SEGMENT CREATION IMMEDIATE 
  PCTFREE 10 PCTUSED 40 INITRANS 1 MAXTRANS 255 NOCOMPRESS LOGGING
  STORAGE(INITIAL 65536 NEXT 1048576 MINEXTENTS 1 MAXEXTENTS 2147483645
  PCTINCREASE 0 FREELISTS 1 FREELIST GROUPS 1 BUFFER_POOL DEFAULT FLASH_CACHE DEFAULT CELL_FLASH_CACHE DEFAULT)
  TABLESPACE "USERS" ;
--------------------------------------------------------
--  DDL for View EMP_DETAILS_VIEW
--------------------------------------------------------

  CREATE OR REPLACE FORCE VIEW "EMP_DETAILS_VIEW" ("EMPLOYEE_ID", "JOB_ID", "MANAGER_ID", "DEPARTMENT_ID", "LOCATION_ID", "COUNTRY_ID", "FIRST_NAME", "LAST_NAME", "SALARY", "COMMISSION_PCT", "DEPARTMENT_NAME", "JOB_TITLE", "CITY", "STATE_PROVINCE", "COUNTRY_NAME", "REGION_NAME") AS 
  SELECT
  e.employee_id,
  e.job_id,
  e.manager_id,
  e.department_id,
  d.location_id,
  l.country_id,
  e.first_name,
  e.last_name,
  e.salary,
  e.commission_pct,
  d.department_name,
  j.job_title,
  l.city,
  l.state_province,
  c.country_name,
  r.region_name
FROM
  employees e,
  departments d,
  jobs j,
  locations l,
  countries c,
  regions r
WHERE e.department_id = d.department_id
  AND d.location_id = l.location_id
  AND l.country_id = c.country_id
  AND c.region_id = r.region_id
  AND j.job_id = e.job_id
WITH READ ONLY
;
REM INSERTING into HR.CARACTERISTICAS
SET DEFINE OFF;
Insert into HR.CARACTERISTICAS (ID_CARACTERISTICA,NOMBRE_CARACTERISTICA,VALOR_CARACTERISTICA) values ('3','Aaron','El carismatico');
Insert into HR.CARACTERISTICAS (ID_CARACTERISTICA,NOMBRE_CARACTERISTICA,VALOR_CARACTERISTICA) values ('4','Alex','El porretas');
REM INSERTING into HR.CATEGORIAS
SET DEFINE OFF;
Insert into HR.CATEGORIAS (ID_CATEGORIA,NOMBRE_CATEGORIA) values ('6','Slushie');
Insert into HR.CATEGORIAS (ID_CATEGORIA,NOMBRE_CATEGORIA) values ('7','Sandwich');
Insert into HR.CATEGORIAS (ID_CATEGORIA,NOMBRE_CATEGORIA) values ('8','Confectionery');
Insert into HR.CATEGORIAS (ID_CATEGORIA,NOMBRE_CATEGORIA) values ('1','Coffee');
Insert into HR.CATEGORIAS (ID_CATEGORIA,NOMBRE_CATEGORIA) values ('5','Juice');
REM INSERTING into HR.CONTACTOS
SET DEFINE OFF;
Insert into HR.CONTACTOS (ID_CONTACTO,NOMBRE,EMAIL,TELEFONO,MENSAJE) values ('3','Juan Zas','srjzasm@gmail.com','650509638','123');
Insert into HR.CONTACTOS (ID_CONTACTO,NOMBRE,EMAIL,TELEFONO,MENSAJE) values ('4','Juan Zas','srjzasm@gmail.com','650509638','123');
REM INSERTING into HR.INFOPEDIDOS
SET DEFINE OFF;
Insert into HR.INFOPEDIDOS (ID_INFO,NUMERO_PEDIDO,ID_PRODUCTO,FECHA,CANTIDAD) values ('1','11','5',to_date('14/05/23','DD/MM/RR'),'2');
Insert into HR.INFOPEDIDOS (ID_INFO,NUMERO_PEDIDO,ID_PRODUCTO,FECHA,CANTIDAD) values ('2','11','2',to_date('14/05/23','DD/MM/RR'),'5');
Insert into HR.INFOPEDIDOS (ID_INFO,NUMERO_PEDIDO,ID_PRODUCTO,FECHA,CANTIDAD) values ('18','15','3',to_date('14/05/23','DD/MM/RR'),'1');
Insert into HR.INFOPEDIDOS (ID_INFO,NUMERO_PEDIDO,ID_PRODUCTO,FECHA,CANTIDAD) values ('23','15','3',to_date('14/05/23','DD/MM/RR'),'1');
Insert into HR.INFOPEDIDOS (ID_INFO,NUMERO_PEDIDO,ID_PRODUCTO,FECHA,CANTIDAD) values ('27','15','3',to_date('14/05/23','DD/MM/RR'),'1');
Insert into HR.INFOPEDIDOS (ID_INFO,NUMERO_PEDIDO,ID_PRODUCTO,FECHA,CANTIDAD) values ('28','15','3',to_date('14/05/23','DD/MM/RR'),'1');
Insert into HR.INFOPEDIDOS (ID_INFO,NUMERO_PEDIDO,ID_PRODUCTO,FECHA,CANTIDAD) values ('29','15','3',to_date('14/05/23','DD/MM/RR'),'1');
Insert into HR.INFOPEDIDOS (ID_INFO,NUMERO_PEDIDO,ID_PRODUCTO,FECHA,CANTIDAD) values ('30','15','3',to_date('14/05/23','DD/MM/RR'),'1');
Insert into HR.INFOPEDIDOS (ID_INFO,NUMERO_PEDIDO,ID_PRODUCTO,FECHA,CANTIDAD) values ('304','15','3',to_date('14/05/23','DD/MM/RR'),'1');
Insert into HR.INFOPEDIDOS (ID_INFO,NUMERO_PEDIDO,ID_PRODUCTO,FECHA,CANTIDAD) values ('305','15','3',to_date('14/05/23','DD/MM/RR'),'1');
Insert into HR.INFOPEDIDOS (ID_INFO,NUMERO_PEDIDO,ID_PRODUCTO,FECHA,CANTIDAD) values ('318','16','3',to_date('14/05/23','DD/MM/RR'),'1');
Insert into HR.INFOPEDIDOS (ID_INFO,NUMERO_PEDIDO,ID_PRODUCTO,FECHA,CANTIDAD) values ('347','58','3',to_date('14/05/23','DD/MM/RR'),'9');
Insert into HR.INFOPEDIDOS (ID_INFO,NUMERO_PEDIDO,ID_PRODUCTO,FECHA,CANTIDAD) values ('340','16','3',to_date('14/05/23','DD/MM/RR'),'1');
Insert into HR.INFOPEDIDOS (ID_INFO,NUMERO_PEDIDO,ID_PRODUCTO,FECHA,CANTIDAD) values ('43','15','3',to_date('14/05/23','DD/MM/RR'),'1');
Insert into HR.INFOPEDIDOS (ID_INFO,NUMERO_PEDIDO,ID_PRODUCTO,FECHA,CANTIDAD) values ('343','58','3',to_date('14/05/23','DD/MM/RR'),'5');
Insert into HR.INFOPEDIDOS (ID_INFO,NUMERO_PEDIDO,ID_PRODUCTO,FECHA,CANTIDAD) values ('345','58','3',to_date('14/05/23','DD/MM/RR'),'7');
Insert into HR.INFOPEDIDOS (ID_INFO,NUMERO_PEDIDO,ID_PRODUCTO,FECHA,CANTIDAD) values ('353','61','2',to_date('16/05/23','DD/MM/RR'),'2');
Insert into HR.INFOPEDIDOS (ID_INFO,NUMERO_PEDIDO,ID_PRODUCTO,FECHA,CANTIDAD) values ('369','62','3',to_date('17/05/23','DD/MM/RR'),'1');
Insert into HR.INFOPEDIDOS (ID_INFO,NUMERO_PEDIDO,ID_PRODUCTO,FECHA,CANTIDAD) values ('62','15','3',to_date('14/05/23','DD/MM/RR'),'1');
Insert into HR.INFOPEDIDOS (ID_INFO,NUMERO_PEDIDO,ID_PRODUCTO,FECHA,CANTIDAD) values ('63','16','3',to_date('14/05/23','DD/MM/RR'),'1');
Insert into HR.INFOPEDIDOS (ID_INFO,NUMERO_PEDIDO,ID_PRODUCTO,FECHA,CANTIDAD) values ('374','70','5',to_date('17/05/23','DD/MM/RR'),'10');
Insert into HR.INFOPEDIDOS (ID_INFO,NUMERO_PEDIDO,ID_PRODUCTO,FECHA,CANTIDAD) values ('376','71','3',to_date('17/05/23','DD/MM/RR'),'1');
Insert into HR.INFOPEDIDOS (ID_INFO,NUMERO_PEDIDO,ID_PRODUCTO,FECHA,CANTIDAD) values ('83','16','3',to_date('14/05/23','DD/MM/RR'),'1');
Insert into HR.INFOPEDIDOS (ID_INFO,NUMERO_PEDIDO,ID_PRODUCTO,FECHA,CANTIDAD) values ('115','16','3',to_date('14/05/23','DD/MM/RR'),'1');
Insert into HR.INFOPEDIDOS (ID_INFO,NUMERO_PEDIDO,ID_PRODUCTO,FECHA,CANTIDAD) values ('131','15','3',to_date('14/05/23','DD/MM/RR'),'1');
Insert into HR.INFOPEDIDOS (ID_INFO,NUMERO_PEDIDO,ID_PRODUCTO,FECHA,CANTIDAD) values ('136','16','3',to_date('14/05/23','DD/MM/RR'),'1');
Insert into HR.INFOPEDIDOS (ID_INFO,NUMERO_PEDIDO,ID_PRODUCTO,FECHA,CANTIDAD) values ('192','15','3',to_date('14/05/23','DD/MM/RR'),'1');
Insert into HR.INFOPEDIDOS (ID_INFO,NUMERO_PEDIDO,ID_PRODUCTO,FECHA,CANTIDAD) values ('225','15','3',to_date('14/05/23','DD/MM/RR'),'1');
Insert into HR.INFOPEDIDOS (ID_INFO,NUMERO_PEDIDO,ID_PRODUCTO,FECHA,CANTIDAD) values ('226','15','3',to_date('14/05/23','DD/MM/RR'),'1');
Insert into HR.INFOPEDIDOS (ID_INFO,NUMERO_PEDIDO,ID_PRODUCTO,FECHA,CANTIDAD) values ('227','15','3',to_date('14/05/23','DD/MM/RR'),'1');
Insert into HR.INFOPEDIDOS (ID_INFO,NUMERO_PEDIDO,ID_PRODUCTO,FECHA,CANTIDAD) values ('228','16','3',to_date('14/05/23','DD/MM/RR'),'1');
Insert into HR.INFOPEDIDOS (ID_INFO,NUMERO_PEDIDO,ID_PRODUCTO,FECHA,CANTIDAD) values ('265','15','3',to_date('14/05/23','DD/MM/RR'),'1');
Insert into HR.INFOPEDIDOS (ID_INFO,NUMERO_PEDIDO,ID_PRODUCTO,FECHA,CANTIDAD) values ('266','16','3',to_date('14/05/23','DD/MM/RR'),'1');
Insert into HR.INFOPEDIDOS (ID_INFO,NUMERO_PEDIDO,ID_PRODUCTO,FECHA,CANTIDAD) values ('3','11','3',to_date('14/05/23','DD/MM/RR'),'13');
Insert into HR.INFOPEDIDOS (ID_INFO,NUMERO_PEDIDO,ID_PRODUCTO,FECHA,CANTIDAD) values ('5','11','3',to_date('14/05/23','DD/MM/RR'),'1');
Insert into HR.INFOPEDIDOS (ID_INFO,NUMERO_PEDIDO,ID_PRODUCTO,FECHA,CANTIDAD) values ('6','11','3',to_date('14/05/23','DD/MM/RR'),'1');
Insert into HR.INFOPEDIDOS (ID_INFO,NUMERO_PEDIDO,ID_PRODUCTO,FECHA,CANTIDAD) values ('7','11','3',to_date('14/05/23','DD/MM/RR'),'1');
Insert into HR.INFOPEDIDOS (ID_INFO,NUMERO_PEDIDO,ID_PRODUCTO,FECHA,CANTIDAD) values ('11','11','3',to_date('14/05/23','DD/MM/RR'),'1');
Insert into HR.INFOPEDIDOS (ID_INFO,NUMERO_PEDIDO,ID_PRODUCTO,FECHA,CANTIDAD) values ('12','11','3',to_date('14/05/23','DD/MM/RR'),'1');
Insert into HR.INFOPEDIDOS (ID_INFO,NUMERO_PEDIDO,ID_PRODUCTO,FECHA,CANTIDAD) values ('13','11','3',to_date('14/05/23','DD/MM/RR'),'1');
Insert into HR.INFOPEDIDOS (ID_INFO,NUMERO_PEDIDO,ID_PRODUCTO,FECHA,CANTIDAD) values ('14','12','3',to_date('14/05/23','DD/MM/RR'),'1');
Insert into HR.INFOPEDIDOS (ID_INFO,NUMERO_PEDIDO,ID_PRODUCTO,FECHA,CANTIDAD) values ('15','13','5',to_date('14/05/23','DD/MM/RR'),'2');
Insert into HR.INFOPEDIDOS (ID_INFO,NUMERO_PEDIDO,ID_PRODUCTO,FECHA,CANTIDAD) values ('31','16','3',to_date('14/05/23','DD/MM/RR'),'1');
Insert into HR.INFOPEDIDOS (ID_INFO,NUMERO_PEDIDO,ID_PRODUCTO,FECHA,CANTIDAD) values ('336','16','3',to_date('14/05/23','DD/MM/RR'),'1');
Insert into HR.INFOPEDIDOS (ID_INFO,NUMERO_PEDIDO,ID_PRODUCTO,FECHA,CANTIDAD) values ('306','15','3',to_date('14/05/23','DD/MM/RR'),'1');
Insert into HR.INFOPEDIDOS (ID_INFO,NUMERO_PEDIDO,ID_PRODUCTO,FECHA,CANTIDAD) values ('307','16','3',to_date('14/05/23','DD/MM/RR'),'1');
Insert into HR.INFOPEDIDOS (ID_INFO,NUMERO_PEDIDO,ID_PRODUCTO,FECHA,CANTIDAD) values ('44','15','3',to_date('14/05/23','DD/MM/RR'),'1');
Insert into HR.INFOPEDIDOS (ID_INFO,NUMERO_PEDIDO,ID_PRODUCTO,FECHA,CANTIDAD) values ('47','16','3',to_date('14/05/23','DD/MM/RR'),'1');
Insert into HR.INFOPEDIDOS (ID_INFO,NUMERO_PEDIDO,ID_PRODUCTO,FECHA,CANTIDAD) values ('346','58','3',to_date('14/05/23','DD/MM/RR'),'8');
Insert into HR.INFOPEDIDOS (ID_INFO,NUMERO_PEDIDO,ID_PRODUCTO,FECHA,CANTIDAD) values ('342','58','3',to_date('14/05/23','DD/MM/RR'),'4');
Insert into HR.INFOPEDIDOS (ID_INFO,NUMERO_PEDIDO,ID_PRODUCTO,FECHA,CANTIDAD) values ('60','15','3',to_date('14/05/23','DD/MM/RR'),'1');
Insert into HR.INFOPEDIDOS (ID_INFO,NUMERO_PEDIDO,ID_PRODUCTO,FECHA,CANTIDAD) values ('348','58','4',to_date('14/05/23','DD/MM/RR'),'2');
Insert into HR.INFOPEDIDOS (ID_INFO,NUMERO_PEDIDO,ID_PRODUCTO,FECHA,CANTIDAD) values ('371','69','4',to_date('17/05/23','DD/MM/RR'),'1');
Insert into HR.INFOPEDIDOS (ID_INFO,NUMERO_PEDIDO,ID_PRODUCTO,FECHA,CANTIDAD) values ('372','69','5',to_date('17/05/23','DD/MM/RR'),'1');
Insert into HR.INFOPEDIDOS (ID_INFO,NUMERO_PEDIDO,ID_PRODUCTO,FECHA,CANTIDAD) values ('129','15','3',to_date('14/05/23','DD/MM/RR'),'1');
Insert into HR.INFOPEDIDOS (ID_INFO,NUMERO_PEDIDO,ID_PRODUCTO,FECHA,CANTIDAD) values ('158','15','3',to_date('14/05/23','DD/MM/RR'),'1');
Insert into HR.INFOPEDIDOS (ID_INFO,NUMERO_PEDIDO,ID_PRODUCTO,FECHA,CANTIDAD) values ('191','15','3',to_date('14/05/23','DD/MM/RR'),'1');
Insert into HR.INFOPEDIDOS (ID_INFO,NUMERO_PEDIDO,ID_PRODUCTO,FECHA,CANTIDAD) values ('20','15','2',to_date('14/05/23','DD/MM/RR'),'4');
Insert into HR.INFOPEDIDOS (ID_INFO,NUMERO_PEDIDO,ID_PRODUCTO,FECHA,CANTIDAD) values ('21','15','3',to_date('14/05/23','DD/MM/RR'),'1');
Insert into HR.INFOPEDIDOS (ID_INFO,NUMERO_PEDIDO,ID_PRODUCTO,FECHA,CANTIDAD) values ('350','59','3',to_date('15/05/23','DD/MM/RR'),'2');
Insert into HR.INFOPEDIDOS (ID_INFO,NUMERO_PEDIDO,ID_PRODUCTO,FECHA,CANTIDAD) values ('349','58','4',to_date('14/05/23','DD/MM/RR'),'1');
Insert into HR.INFOPEDIDOS (ID_INFO,NUMERO_PEDIDO,ID_PRODUCTO,FECHA,CANTIDAD) values ('334','16','3',to_date('14/05/23','DD/MM/RR'),'1');
Insert into HR.INFOPEDIDOS (ID_INFO,NUMERO_PEDIDO,ID_PRODUCTO,FECHA,CANTIDAD) values ('45','15','3',to_date('14/05/23','DD/MM/RR'),'1');
Insert into HR.INFOPEDIDOS (ID_INFO,NUMERO_PEDIDO,ID_PRODUCTO,FECHA,CANTIDAD) values ('383','76','3',to_date('18/05/23','DD/MM/RR'),'1');
Insert into HR.INFOPEDIDOS (ID_INFO,NUMERO_PEDIDO,ID_PRODUCTO,FECHA,CANTIDAD) values ('61','15','3',to_date('14/05/23','DD/MM/RR'),'1');
Insert into HR.INFOPEDIDOS (ID_INFO,NUMERO_PEDIDO,ID_PRODUCTO,FECHA,CANTIDAD) values ('80','15','3',to_date('14/05/23','DD/MM/RR'),'1');
Insert into HR.INFOPEDIDOS (ID_INFO,NUMERO_PEDIDO,ID_PRODUCTO,FECHA,CANTIDAD) values ('82','15','3',to_date('14/05/23','DD/MM/RR'),'1');
Insert into HR.INFOPEDIDOS (ID_INFO,NUMERO_PEDIDO,ID_PRODUCTO,FECHA,CANTIDAD) values ('160','15','3',to_date('14/05/23','DD/MM/RR'),'1');
Insert into HR.INFOPEDIDOS (ID_INFO,NUMERO_PEDIDO,ID_PRODUCTO,FECHA,CANTIDAD) values ('161','16','3',to_date('14/05/23','DD/MM/RR'),'1');
Insert into HR.INFOPEDIDOS (ID_INFO,NUMERO_PEDIDO,ID_PRODUCTO,FECHA,CANTIDAD) values ('190','15','3',to_date('14/05/23','DD/MM/RR'),'1');
Insert into HR.INFOPEDIDOS (ID_INFO,NUMERO_PEDIDO,ID_PRODUCTO,FECHA,CANTIDAD) values ('193','16','3',to_date('14/05/23','DD/MM/RR'),'1');
Insert into HR.INFOPEDIDOS (ID_INFO,NUMERO_PEDIDO,ID_PRODUCTO,FECHA,CANTIDAD) values ('4','11','4',to_date('14/05/23','DD/MM/RR'),'1');
Insert into HR.INFOPEDIDOS (ID_INFO,NUMERO_PEDIDO,ID_PRODUCTO,FECHA,CANTIDAD) values ('329','16','3',to_date('14/05/23','DD/MM/RR'),'1');
Insert into HR.INFOPEDIDOS (ID_INFO,NUMERO_PEDIDO,ID_PRODUCTO,FECHA,CANTIDAD) values ('323','16','3',to_date('14/05/23','DD/MM/RR'),'1');
Insert into HR.INFOPEDIDOS (ID_INFO,NUMERO_PEDIDO,ID_PRODUCTO,FECHA,CANTIDAD) values ('339','16','3',to_date('14/05/23','DD/MM/RR'),'1');
Insert into HR.INFOPEDIDOS (ID_INFO,NUMERO_PEDIDO,ID_PRODUCTO,FECHA,CANTIDAD) values ('351','59','5',to_date('15/05/23','DD/MM/RR'),'3');
Insert into HR.INFOPEDIDOS (ID_INFO,NUMERO_PEDIDO,ID_PRODUCTO,FECHA,CANTIDAD) values ('81','15','3',to_date('14/05/23','DD/MM/RR'),'1');
Insert into HR.INFOPEDIDOS (ID_INFO,NUMERO_PEDIDO,ID_PRODUCTO,FECHA,CANTIDAD) values ('341','15','3',to_date('14/05/23','DD/MM/RR'),'3');
Insert into HR.INFOPEDIDOS (ID_INFO,NUMERO_PEDIDO,ID_PRODUCTO,FECHA,CANTIDAD) values ('354','61','5',to_date('16/05/23','DD/MM/RR'),'3');
Insert into HR.INFOPEDIDOS (ID_INFO,NUMERO_PEDIDO,ID_PRODUCTO,FECHA,CANTIDAD) values ('103','15','3',to_date('14/05/23','DD/MM/RR'),'1');
Insert into HR.INFOPEDIDOS (ID_INFO,NUMERO_PEDIDO,ID_PRODUCTO,FECHA,CANTIDAD) values ('105','15','3',to_date('14/05/23','DD/MM/RR'),'1');
Insert into HR.INFOPEDIDOS (ID_INFO,NUMERO_PEDIDO,ID_PRODUCTO,FECHA,CANTIDAD) values ('355','62','2',to_date('17/05/23','DD/MM/RR'),'1');
Insert into HR.INFOPEDIDOS (ID_INFO,NUMERO_PEDIDO,ID_PRODUCTO,FECHA,CANTIDAD) values ('356','62','4',to_date('17/05/23','DD/MM/RR'),'4');
Insert into HR.INFOPEDIDOS (ID_INFO,NUMERO_PEDIDO,ID_PRODUCTO,FECHA,CANTIDAD) values ('357','62','3',to_date('17/05/23','DD/MM/RR'),'2');
Insert into HR.INFOPEDIDOS (ID_INFO,NUMERO_PEDIDO,ID_PRODUCTO,FECHA,CANTIDAD) values ('358','63','2',to_date('17/05/23','DD/MM/RR'),'1');
Insert into HR.INFOPEDIDOS (ID_INFO,NUMERO_PEDIDO,ID_PRODUCTO,FECHA,CANTIDAD) values ('359','63','5',to_date('17/05/23','DD/MM/RR'),'1');
Insert into HR.INFOPEDIDOS (ID_INFO,NUMERO_PEDIDO,ID_PRODUCTO,FECHA,CANTIDAD) values ('360','62','4',to_date('17/05/23','DD/MM/RR'),'1');
Insert into HR.INFOPEDIDOS (ID_INFO,NUMERO_PEDIDO,ID_PRODUCTO,FECHA,CANTIDAD) values ('361','64','4',to_date('17/05/23','DD/MM/RR'),'1');
Insert into HR.INFOPEDIDOS (ID_INFO,NUMERO_PEDIDO,ID_PRODUCTO,FECHA,CANTIDAD) values ('362','62','2',to_date('17/05/23','DD/MM/RR'),'1');
Insert into HR.INFOPEDIDOS (ID_INFO,NUMERO_PEDIDO,ID_PRODUCTO,FECHA,CANTIDAD) values ('366','62','4',to_date('17/05/23','DD/MM/RR'),'1');
Insert into HR.INFOPEDIDOS (ID_INFO,NUMERO_PEDIDO,ID_PRODUCTO,FECHA,CANTIDAD) values ('159','15','3',to_date('14/05/23','DD/MM/RR'),'1');
Insert into HR.INFOPEDIDOS (ID_INFO,NUMERO_PEDIDO,ID_PRODUCTO,FECHA,CANTIDAD) values ('368','67','4',to_date('17/05/23','DD/MM/RR'),'1');
Insert into HR.INFOPEDIDOS (ID_INFO,NUMERO_PEDIDO,ID_PRODUCTO,FECHA,CANTIDAD) values ('375','69','2',to_date('17/05/23','DD/MM/RR'),'1');
Insert into HR.INFOPEDIDOS (ID_INFO,NUMERO_PEDIDO,ID_PRODUCTO,FECHA,CANTIDAD) values ('377','69','2',to_date('17/05/23','DD/MM/RR'),'1');
Insert into HR.INFOPEDIDOS (ID_INFO,NUMERO_PEDIDO,ID_PRODUCTO,FECHA,CANTIDAD) values ('378','72','2',to_date('17/05/23','DD/MM/RR'),'1');
Insert into HR.INFOPEDIDOS (ID_INFO,NUMERO_PEDIDO,ID_PRODUCTO,FECHA,CANTIDAD) values ('379','69','5',to_date('17/05/23','DD/MM/RR'),'1');
Insert into HR.INFOPEDIDOS (ID_INFO,NUMERO_PEDIDO,ID_PRODUCTO,FECHA,CANTIDAD) values ('380','73','3',to_date('17/05/23','DD/MM/RR'),'1');
Insert into HR.INFOPEDIDOS (ID_INFO,NUMERO_PEDIDO,ID_PRODUCTO,FECHA,CANTIDAD) values ('381','74','5',to_date('17/05/23','DD/MM/RR'),'1');
Insert into HR.INFOPEDIDOS (ID_INFO,NUMERO_PEDIDO,ID_PRODUCTO,FECHA,CANTIDAD) values ('264','15','3',to_date('14/05/23','DD/MM/RR'),'1');
Insert into HR.INFOPEDIDOS (ID_INFO,NUMERO_PEDIDO,ID_PRODUCTO,FECHA,CANTIDAD) values ('8','11','3',to_date('14/05/23','DD/MM/RR'),'1');
Insert into HR.INFOPEDIDOS (ID_INFO,NUMERO_PEDIDO,ID_PRODUCTO,FECHA,CANTIDAD) values ('9','11','3',to_date('14/05/23','DD/MM/RR'),'1');
Insert into HR.INFOPEDIDOS (ID_INFO,NUMERO_PEDIDO,ID_PRODUCTO,FECHA,CANTIDAD) values ('10','11','3',to_date('14/05/23','DD/MM/RR'),'1');
Insert into HR.INFOPEDIDOS (ID_INFO,NUMERO_PEDIDO,ID_PRODUCTO,FECHA,CANTIDAD) values ('16','13','4',to_date('14/05/23','DD/MM/RR'),'8');
Insert into HR.INFOPEDIDOS (ID_INFO,NUMERO_PEDIDO,ID_PRODUCTO,FECHA,CANTIDAD) values ('17','13','3',to_date('14/05/23','DD/MM/RR'),'1');
Insert into HR.INFOPEDIDOS (ID_INFO,NUMERO_PEDIDO,ID_PRODUCTO,FECHA,CANTIDAD) values ('19','15','2',to_date('14/05/23','DD/MM/RR'),'1');
Insert into HR.INFOPEDIDOS (ID_INFO,NUMERO_PEDIDO,ID_PRODUCTO,FECHA,CANTIDAD) values ('22','15','3',to_date('14/05/23','DD/MM/RR'),'1');
Insert into HR.INFOPEDIDOS (ID_INFO,NUMERO_PEDIDO,ID_PRODUCTO,FECHA,CANTIDAD) values ('24','15','3',to_date('14/05/23','DD/MM/RR'),'1');
Insert into HR.INFOPEDIDOS (ID_INFO,NUMERO_PEDIDO,ID_PRODUCTO,FECHA,CANTIDAD) values ('25','15','3',to_date('14/05/23','DD/MM/RR'),'1');
Insert into HR.INFOPEDIDOS (ID_INFO,NUMERO_PEDIDO,ID_PRODUCTO,FECHA,CANTIDAD) values ('26','15','3',to_date('14/05/23','DD/MM/RR'),'1');
Insert into HR.INFOPEDIDOS (ID_INFO,NUMERO_PEDIDO,ID_PRODUCTO,FECHA,CANTIDAD) values ('352','60','3',to_date('15/05/23','DD/MM/RR'),'1');
Insert into HR.INFOPEDIDOS (ID_INFO,NUMERO_PEDIDO,ID_PRODUCTO,FECHA,CANTIDAD) values ('330','16','3',to_date('14/05/23','DD/MM/RR'),'1');
Insert into HR.INFOPEDIDOS (ID_INFO,NUMERO_PEDIDO,ID_PRODUCTO,FECHA,CANTIDAD) values ('344','58','3',to_date('14/05/23','DD/MM/RR'),'6');
Insert into HR.INFOPEDIDOS (ID_INFO,NUMERO_PEDIDO,ID_PRODUCTO,FECHA,CANTIDAD) values ('364','62','4',to_date('17/05/23','DD/MM/RR'),'1');
Insert into HR.INFOPEDIDOS (ID_INFO,NUMERO_PEDIDO,ID_PRODUCTO,FECHA,CANTIDAD) values ('365','62','4',to_date('17/05/23','DD/MM/RR'),'1');
Insert into HR.INFOPEDIDOS (ID_INFO,NUMERO_PEDIDO,ID_PRODUCTO,FECHA,CANTIDAD) values ('367','66','4',to_date('17/05/23','DD/MM/RR'),'1');
Insert into HR.INFOPEDIDOS (ID_INFO,NUMERO_PEDIDO,ID_PRODUCTO,FECHA,CANTIDAD) values ('370','68','3',to_date('17/05/23','DD/MM/RR'),'1');
Insert into HR.INFOPEDIDOS (ID_INFO,NUMERO_PEDIDO,ID_PRODUCTO,FECHA,CANTIDAD) values ('104','15','3',to_date('14/05/23','DD/MM/RR'),'1');
Insert into HR.INFOPEDIDOS (ID_INFO,NUMERO_PEDIDO,ID_PRODUCTO,FECHA,CANTIDAD) values ('373','69','5',to_date('17/05/23','DD/MM/RR'),'10');
Insert into HR.INFOPEDIDOS (ID_INFO,NUMERO_PEDIDO,ID_PRODUCTO,FECHA,CANTIDAD) values ('382','75','3',to_date('17/05/23','DD/MM/RR'),'1');
Insert into HR.INFOPEDIDOS (ID_INFO,NUMERO_PEDIDO,ID_PRODUCTO,FECHA,CANTIDAD) values ('130','15','3',to_date('14/05/23','DD/MM/RR'),'1');
Insert into HR.INFOPEDIDOS (ID_INFO,NUMERO_PEDIDO,ID_PRODUCTO,FECHA,CANTIDAD) values ('263','15','3',to_date('14/05/23','DD/MM/RR'),'1');
REM INSERTING into HR.PEDIDOS
SET DEFINE OFF;
Insert into HR.PEDIDOS (NUMERO_PEDIDO,ID_USUARIO,DIRECCION_ENVIO,ESTADO,PRECIOTOTAL) values ('15','52','NA','2','0');
Insert into HR.PEDIDOS (NUMERO_PEDIDO,ID_USUARIO,DIRECCION_ENVIO,ESTADO,PRECIOTOTAL) values ('16','52','NA','2','0');
Insert into HR.PEDIDOS (NUMERO_PEDIDO,ID_USUARIO,DIRECCION_ENVIO,ESTADO,PRECIOTOTAL) values ('61','58','NA','2','0');
Insert into HR.PEDIDOS (NUMERO_PEDIDO,ID_USUARIO,DIRECCION_ENVIO,ESTADO,PRECIOTOTAL) values ('12','32','NA','2','0');
Insert into HR.PEDIDOS (NUMERO_PEDIDO,ID_USUARIO,DIRECCION_ENVIO,ESTADO,PRECIOTOTAL) values ('13','52','NA','2','0');
Insert into HR.PEDIDOS (NUMERO_PEDIDO,ID_USUARIO,DIRECCION_ENVIO,ESTADO,PRECIOTOTAL) values ('14','52','NA','2','0');
Insert into HR.PEDIDOS (NUMERO_PEDIDO,ID_USUARIO,DIRECCION_ENVIO,ESTADO,PRECIOTOTAL) values ('60','54','NA','2','0');
Insert into HR.PEDIDOS (NUMERO_PEDIDO,ID_USUARIO,DIRECCION_ENVIO,ESTADO,PRECIOTOTAL) values ('69','59','NA','2','0');
Insert into HR.PEDIDOS (NUMERO_PEDIDO,ID_USUARIO,DIRECCION_ENVIO,ESTADO,PRECIOTOTAL) values ('11','32','NA','2','0');
Insert into HR.PEDIDOS (NUMERO_PEDIDO,ID_USUARIO,DIRECCION_ENVIO,ESTADO,PRECIOTOTAL) values ('58','52','NA','2','0');
Insert into HR.PEDIDOS (NUMERO_PEDIDO,ID_USUARIO,DIRECCION_ENVIO,ESTADO,PRECIOTOTAL) values ('62','59','NA','2','0');
Insert into HR.PEDIDOS (NUMERO_PEDIDO,ID_USUARIO,DIRECCION_ENVIO,ESTADO,PRECIOTOTAL) values ('63','59','NA','2','0');
Insert into HR.PEDIDOS (NUMERO_PEDIDO,ID_USUARIO,DIRECCION_ENVIO,ESTADO,PRECIOTOTAL) values ('64','59','NA','2','0');
Insert into HR.PEDIDOS (NUMERO_PEDIDO,ID_USUARIO,DIRECCION_ENVIO,ESTADO,PRECIOTOTAL) values ('68','59','NA','2','0');
Insert into HR.PEDIDOS (NUMERO_PEDIDO,ID_USUARIO,DIRECCION_ENVIO,ESTADO,PRECIOTOTAL) values ('73','59','NA','2','0');
Insert into HR.PEDIDOS (NUMERO_PEDIDO,ID_USUARIO,DIRECCION_ENVIO,ESTADO,PRECIOTOTAL) values ('75','59','NA','2','0');
Insert into HR.PEDIDOS (NUMERO_PEDIDO,ID_USUARIO,DIRECCION_ENVIO,ESTADO,PRECIOTOTAL) values ('76','59','NA','2','0');
Insert into HR.PEDIDOS (NUMERO_PEDIDO,ID_USUARIO,DIRECCION_ENVIO,ESTADO,PRECIOTOTAL) values ('59','54','NA','2','0');
Insert into HR.PEDIDOS (NUMERO_PEDIDO,ID_USUARIO,DIRECCION_ENVIO,ESTADO,PRECIOTOTAL) values ('67','59','NA','2','0');
Insert into HR.PEDIDOS (NUMERO_PEDIDO,ID_USUARIO,DIRECCION_ENVIO,ESTADO,PRECIOTOTAL) values ('66','59','NA','2','0');
Insert into HR.PEDIDOS (NUMERO_PEDIDO,ID_USUARIO,DIRECCION_ENVIO,ESTADO,PRECIOTOTAL) values ('70','59','NA','2','0');
Insert into HR.PEDIDOS (NUMERO_PEDIDO,ID_USUARIO,DIRECCION_ENVIO,ESTADO,PRECIOTOTAL) values ('71','59','NA','2','0');
Insert into HR.PEDIDOS (NUMERO_PEDIDO,ID_USUARIO,DIRECCION_ENVIO,ESTADO,PRECIOTOTAL) values ('72','59','NA','2','0');
Insert into HR.PEDIDOS (NUMERO_PEDIDO,ID_USUARIO,DIRECCION_ENVIO,ESTADO,PRECIOTOTAL) values ('74','59','NA','2','0');
REM INSERTING into HR.PRODUCTOS
SET DEFINE OFF;
Insert into HR.PRODUCTOS (ID_PRODUCTO,NOMBRE_PRODUCTO,DESCRIPCION_PRODUCTO,FOTO_PRODUCTO,COSTE_BASE,STOCK,ID_CATEGORIA,ID_CARACTERISTICA,VENTAS) values ('35','Espreso','Espreso','Espreso','5','4','6','5','0');
Insert into HR.PRODUCTOS (ID_PRODUCTO,NOMBRE_PRODUCTO,DESCRIPCION_PRODUCTO,FOTO_PRODUCTO,COSTE_BASE,STOCK,ID_CATEGORIA,ID_CARACTERISTICA,VENTAS) values ('3','Cafecito','Un buen cafe','https://hips.hearstapps.com/hmg-prod.s3.amazonaws.com/images/cafe-1599479980.jpg?resize=640:*','6','10','1','5','5');
Insert into HR.PRODUCTOS (ID_PRODUCTO,NOMBRE_PRODUCTO,DESCRIPCION_PRODUCTO,FOTO_PRODUCTO,COSTE_BASE,STOCK,ID_CATEGORIA,ID_CARACTERISTICA,VENTAS) values ('4','Cafe 5','Cafe2','https://hips.hearstapps.com/hmg-prod.s3.amazonaws.com/images/cafe-1599479980.jpg?resize=640:*','5,25','5','1','1','4');
Insert into HR.PRODUCTOS (ID_PRODUCTO,NOMBRE_PRODUCTO,DESCRIPCION_PRODUCTO,FOTO_PRODUCTO,COSTE_BASE,STOCK,ID_CATEGORIA,ID_CARACTERISTICA,VENTAS) values ('5','Granizado','Un buen granizado','https://hips.hearstapps.com/hmg-prod.s3.amazonaws.com/images/cafe-1599479980.jpg?resize=640:*','5,989999771118164','7','7','3','18');
Insert into HR.PRODUCTOS (ID_PRODUCTO,NOMBRE_PRODUCTO,DESCRIPCION_PRODUCTO,FOTO_PRODUCTO,COSTE_BASE,STOCK,ID_CATEGORIA,ID_CARACTERISTICA,VENTAS) values ('2','Cafe','Cafe2','https://hips.hearstapps.com/hmg-prod.s3.amazonaws.com/images/cafe-1599479980.jpg?resize=640:*','5,25','5','1','1','4');
REM INSERTING into HR.SESIONES
SET DEFINE OFF;
Insert into HR.SESIONES (ID_USUARIO,TOKEN,DISPOSITIVO,FECHA) values ('31','gbemlbbay6lq7e62eqjva5s7swucvewezlg6sjdlxhqxsyoamdaun8nny3dd49trhzsrobwfl84dpolz22l9s5vd85fcm0t3xlknghmz7wtrqjlsht','Mozilla/5.0 (Windows NT 10.0; Win64; x64) AppleWebKit/537.36 (KHTML, like Gecko) Chrome/112.0.0.0 Safari/537.36 OPR/98.0.0.0 (Edition std-1)',to_date('09/05/23','DD/MM/RR'));
Insert into HR.SESIONES (ID_USUARIO,TOKEN,DISPOSITIVO,FECHA) values ('52','jpuhau9nocouh4xha9l66q6ok7j4t22i5xqepye6emlm2xab2dq1iovtsy0l3e67b3ly7bq1duz8asg9468s12hzrp8ei2rivuyycuhs178uzz3un1nk0f','Mozilla/5.0 (Windows NT 10.0; Win64; x64) AppleWebKit/537.36 (KHTML, like Gecko) Chrome/112.0.0.0 Safari/537.36 OPR/98.0.0.0 (Edition std-1)',to_date('14/05/23','DD/MM/RR'));
Insert into HR.SESIONES (ID_USUARIO,TOKEN,DISPOSITIVO,FECHA) values ('59','b9jlylboq2acijgcgg9mwl58smlpio5diu640qfcg0dl81cw7i5394mxmacilcis7tiplu6ns6ejhs954cm1gse4051u7ea6qeit9d1kv8c4werme3g4p','Mozilla/5.0 (Windows NT 10.0; Win64; x64) AppleWebKit/537.36 (KHTML, like Gecko) Chrome/112.0.0.0 Safari/537.36 OPR/98.0.0.0 (Edition std-1)',to_date('16/05/23','DD/MM/RR'));
Insert into HR.SESIONES (ID_USUARIO,TOKEN,DISPOSITIVO,FECHA) values ('59','j2v87c3hy4ocafpquf6qrnt0f0vmbla73ue8zysi2urhl71ow5tz0j9a1w4i78tts38rpipup9393i550k20eass77rj3s2fgj60173qhw28jxdu6f8gg8n','Mozilla/5.0 (Windows NT 10.0; Win64; x64) AppleWebKit/537.36 (KHTML, like Gecko) Chrome/112.0.0.0 Safari/537.36 OPR/98.0.0.0 (Edition std-1)',to_date('16/05/23','DD/MM/RR'));
Insert into HR.SESIONES (ID_USUARIO,TOKEN,DISPOSITIVO,FECHA) values ('59','5uhvtc7l6qilldyrhnb9iygolyd74ihv6142u5tf54bd35jfkrmi9k69l8alxb4ezhd7xnrry40uujq96k85vgj7vo1n43nin0pyxf13sats1l2r47giv','Mozilla/5.0 (Windows NT 10.0; Win64; x64) AppleWebKit/537.36 (KHTML, like Gecko) Chrome/112.0.0.0 Safari/537.36 OPR/98.0.0.0 (Edition std-1)',to_date('18/05/23','DD/MM/RR'));
Insert into HR.SESIONES (ID_USUARIO,TOKEN,DISPOSITIVO,FECHA) values ('31','2e1e2ymc9jy64zocvk3z07m1a3ahuo62i5n1hie6pmm0z3m4xa0l7s89whfy651no02x1tu7gnygq7bpe51d7noh92hev7lspxsckqbyl4tu42jfq76s','Mozilla/5.0 (Windows NT 10.0; Win64; x64) AppleWebKit/537.36 (KHTML, like Gecko) Chrome/112.0.0.0 Safari/537.36 OPR/98.0.0.0 (Edition std-1)',to_date('10/05/23','DD/MM/RR'));
Insert into HR.SESIONES (ID_USUARIO,TOKEN,DISPOSITIVO,FECHA) values ('31','0avc2srcbng7lzi533xtzpm4mvtorm1fqc9mniwoav2tihllo69kykmwksggkog9pcsbamqc0eb38o7ow2a29bkb9inft98uskdhbyxzpgaees8r2ncv3hv85','Mozilla/5.0 (Windows NT 10.0; Win64; x64) AppleWebKit/537.36 (KHTML, like Gecko) Chrome/112.0.0.0 Safari/537.36 OPR/98.0.0.0 (Edition std-1)',to_date('10/05/23','DD/MM/RR'));
Insert into HR.SESIONES (ID_USUARIO,TOKEN,DISPOSITIVO,FECHA) values ('31','n79524a7hjcjztphf8m6524bs7zodxultfbgdodfclr7dg9u97qijcwv4wnzonoph0xfwvy5fe6fv1odnc1e7lytkq6oy96qsau7sjqvzlkfnlq6oyum7mj','Mozilla/5.0 (Windows NT 10.0; Win64; x64) AppleWebKit/537.36 (KHTML, like Gecko) Chrome/112.0.0.0 Safari/537.36 OPR/98.0.0.0 (Edition std-1)',to_date('10/05/23','DD/MM/RR'));
Insert into HR.SESIONES (ID_USUARIO,TOKEN,DISPOSITIVO,FECHA) values ('30','fignmo75tb8xno43gdgy57byqboi1eupedg0g6e2dbu69ifjaw516fjh0915zhc1jypuzmb01yksoo0g75h2z8fcrhtxumshkh2i9ec3lfqkr6u2pxnly','Mozilla/5.0 (Windows NT 10.0; Win64; x64) AppleWebKit/537.36 (KHTML, like Gecko) Chrome/112.0.0.0 Safari/537.36 OPR/98.0.0.0 (Edition std-1)',to_date('08/05/23','DD/MM/RR'));
Insert into HR.SESIONES (ID_USUARIO,TOKEN,DISPOSITIVO,FECHA) values ('30','cvfhas96qyqf37jiw6bckorhldkq9tlok32d128lhmpcer6bbvd4q5lcq9iw4jvhoiutrbg1gtoggvxopwn2kflwg46bvinxftqjzhyspxearncgmvgx25','Mozilla/5.0 (Windows NT 10.0; Win64; x64) AppleWebKit/537.36 (KHTML, like Gecko) Chrome/112.0.0.0 Safari/537.36 OPR/98.0.0.0 (Edition std-1)',to_date('08/05/23','DD/MM/RR'));
Insert into HR.SESIONES (ID_USUARIO,TOKEN,DISPOSITIVO,FECHA) values ('53','urofvok2coohkmlg2vsjiancv0hq7we83ysiinowukem062allp0xj6wnklr65hg3k87jo6ozy5jbmgv9snac4nl4in4nmtq8ij7mql1hj99eeql581wdlt','Mozilla/5.0 (Windows NT 10.0; Win64; x64) AppleWebKit/537.36 (KHTML, like Gecko) Chrome/112.0.0.0 Safari/537.36 OPR/98.0.0.0 (Edition std-1)',to_date('15/05/23','DD/MM/RR'));
Insert into HR.SESIONES (ID_USUARIO,TOKEN,DISPOSITIVO,FECHA) values ('54','yqgdf549rznqzaqmcqc686tn65p61vsha1vgimvaefl0ku4jqnf4zx8fc6hq7sx6kdw6c6zy8t3d4u7vygpr7dqfb29xtmiuvru53v1uuwmj56qd2q3u8cr','Mozilla/5.0 (Windows NT 10.0; Win64; x64) AppleWebKit/537.36 (KHTML, like Gecko) Chrome/112.0.0.0 Safari/537.36 OPR/98.0.0.0 (Edition std-1)',to_date('15/05/23','DD/MM/RR'));
Insert into HR.SESIONES (ID_USUARIO,TOKEN,DISPOSITIVO,FECHA) values ('31','dn0doe1gmhj8jk1rox4tluw1fmr9pswhdrp2q0wo5mhh1xi5o0b2dfrfzb4rsvwx6ta1z4wze8tvkj2me8s6kjy8blmnz9cbp1heiag7gwnvsx4c2qmt9','Mozilla/5.0 (Windows NT 10.0; Win64; x64) AppleWebKit/537.36 (KHTML, like Gecko) Chrome/112.0.0.0 Safari/537.36 OPR/98.0.0.0 (Edition std-1)',to_date('10/05/23','DD/MM/RR'));
Insert into HR.SESIONES (ID_USUARIO,TOKEN,DISPOSITIVO,FECHA) values ('31','lm3g3jbu4g15w134adodpczqr9vdn73d9g6mvi4hcdbjlrbxzk0j3b0huh21hwne8c60ymrrp0wt8zxjk1f9bu1avsnujko12kqesl51jyxnu8ffkgk8g','Mozilla/5.0 (Windows NT 10.0; Win64; x64) AppleWebKit/537.36 (KHTML, like Gecko) Chrome/112.0.0.0 Safari/537.36 OPR/98.0.0.0 (Edition std-1)',to_date('10/05/23','DD/MM/RR'));
Insert into HR.SESIONES (ID_USUARIO,TOKEN,DISPOSITIVO,FECHA) values ('31','88a8mlavifpksllpw4vtbftsdmf6jcrkujndiasrfc3v53efhzwksxv8fffkolzdncsc3nv878hd9c54mrdebgicu4h86jsrlmz7rp5r3jyminkh3pn','Mozilla/5.0 (Windows NT 10.0; Win64; x64) AppleWebKit/537.36 (KHTML, like Gecko) Chrome/112.0.0.0 Safari/537.36 OPR/98.0.0.0 (Edition std-1)',to_date('10/05/23','DD/MM/RR'));
Insert into HR.SESIONES (ID_USUARIO,TOKEN,DISPOSITIVO,FECHA) values ('54','g9kbfttnentu2b0dc9jkk9foaqlvwon0g7nvnkjgc3253lm4b7rx189sl6nyub7ibfq2sec6k02pq4lpuwdvqihp3s5c440ktoufxuy32u4jqmxm3mqqa3lc','Mozilla/5.0 (Windows NT 10.0; Win64; x64) AppleWebKit/537.36 (KHTML, like Gecko) Chrome/112.0.0.0 Safari/537.36 OPR/98.0.0.0 (Edition std-1)',to_date('15/05/23','DD/MM/RR'));
Insert into HR.SESIONES (ID_USUARIO,TOKEN,DISPOSITIVO,FECHA) values ('54','clf2xv0u6ppp31uck68cf3iglg10n3684tir5e9k4h9nuwi748b12e2p7c7drrxwmqa7bw5fjod9mqpk4z4ep0jcqfzde2ttj3ctpzz4nqrfryyd040jxkj','Mozilla/5.0 (Windows NT 10.0; Win64; x64) AppleWebKit/537.36 (KHTML, like Gecko) Chrome/112.0.0.0 Safari/537.36 OPR/98.0.0.0 (Edition std-1)',to_date('15/05/23','DD/MM/RR'));
Insert into HR.SESIONES (ID_USUARIO,TOKEN,DISPOSITIVO,FECHA) values ('59','tfbra9prna54f3r8rrilvrn7w6g6hxy973ksqzmq0gkqsk0rxb94rq7nclmfedqy2pl3ze4exkqcjrb6zr8fq68on3um3r0gwvb7s1i5xsalm7elift7ed','Mozilla/5.0 (Windows NT 10.0; Win64; x64) AppleWebKit/537.36 (KHTML, like Gecko) Chrome/112.0.0.0 Safari/537.36 OPR/98.0.0.0 (Edition std-1)',to_date('19/05/23','DD/MM/RR'));
Insert into HR.SESIONES (ID_USUARIO,TOKEN,DISPOSITIVO,FECHA) values ('59','gy3ht3owhybibs366ho3u46en4ia9wmn6emocjm3lkfce3uvlwbn2c38opnr8i2ayb5fcpflp098nbcs1uacf8h47ngj5h0o8gnrvwjwi6h94xu03','Mozilla/5.0 (Windows NT 10.0; Win64; x64) AppleWebKit/537.36 (KHTML, like Gecko) Chrome/112.0.0.0 Safari/537.36 OPR/98.0.0.0 (Edition std-1)',to_date('19/05/23','DD/MM/RR'));
Insert into HR.SESIONES (ID_USUARIO,TOKEN,DISPOSITIVO,FECHA) values ('30','xot49hf9irgdlit76sjdig3lgech3nxtjp871oytypejahuzaz06n0fi3eq2symljdizakdlcapnxuhfzq2qwklnm62o8zxhaf72b6li79d0la3da4so','Mozilla/5.0 (Windows NT 10.0; Win64; x64) AppleWebKit/537.36 (KHTML, like Gecko) Chrome/112.0.0.0 Safari/537.36 OPR/98.0.0.0 (Edition std-1)',to_date('08/05/23','DD/MM/RR'));
Insert into HR.SESIONES (ID_USUARIO,TOKEN,DISPOSITIVO,FECHA) values ('30','benfxrz0787f3kcbk1n5nc1i607r74wo41tno9bf4kjn4qzfrhnzx0yersrecxmdl7k80cb2ogphcaovfktgbswe6csciwtwbfekiacqqcjmuadwblfjynjf','Mozilla/5.0 (Windows NT 10.0; Win64; x64) AppleWebKit/537.36 (KHTML, like Gecko) Chrome/112.0.0.0 Safari/537.36 OPR/98.0.0.0 (Edition std-1)',to_date('08/05/23','DD/MM/RR'));
Insert into HR.SESIONES (ID_USUARIO,TOKEN,DISPOSITIVO,FECHA) values ('31','6ix2q5v8xoh1jste7ehwh9hmd2xouu3vg5qy46b3yo67kk4w8ex0hbfjjbcoz1o7etslp7ngp6orsuicxo0wfshzdc8nmv67ej3jy1uxy69kchjmjl7xfhus','Mozilla/5.0 (Windows NT 10.0; Win64; x64) AppleWebKit/537.36 (KHTML, like Gecko) Chrome/112.0.0.0 Safari/537.36 OPR/98.0.0.0 (Edition std-1)',to_date('10/05/23','DD/MM/RR'));
Insert into HR.SESIONES (ID_USUARIO,TOKEN,DISPOSITIVO,FECHA) values ('32','x72rgps1czq28330wtwlfyq24z3tifbo424d1yt79k6z35p0cevkzhlewze9h0t3b0gz90b6cr1x6zbmb27tu883rulpq9zg0gnpe33mil2r94gof3et8ut','Mozilla/5.0 (Windows NT 10.0; Win64; x64) AppleWebKit/537.36 (KHTML, like Gecko) Chrome/112.0.0.0 Safari/537.36 OPR/98.0.0.0 (Edition std-1)',to_date('10/05/23','DD/MM/RR'));
Insert into HR.SESIONES (ID_USUARIO,TOKEN,DISPOSITIVO,FECHA) values ('54','1nl6pe7qo8fb3eeg7p84zguf1sse3waf1x1kuegsxkkla48b2zpc8onq1lmbx7t3humsgi5lnsevsb56ypg0aml5h660pqmit56vmy4bqi9n0c3d0s2mnf','Mozilla/5.0 (Windows NT 10.0; Win64; x64) AppleWebKit/537.36 (KHTML, like Gecko) Chrome/112.0.0.0 Safari/537.36 OPR/98.0.0.0 (Edition std-1)',to_date('15/05/23','DD/MM/RR'));
Insert into HR.SESIONES (ID_USUARIO,TOKEN,DISPOSITIVO,FECHA) values ('54','jhpkndkeov9m86fhjiqfne6eim3rqkepmc2i3z837lgkq5vqbo7qxjlrm3k5xojnhos4okuv5ifgnm3wbvouqdk6xxsgoyuqpe2b2378eys0sdznczd2m','Mozilla/5.0 (Windows NT 10.0; Win64; x64) AppleWebKit/537.36 (KHTML, like Gecko) Chrome/112.0.0.0 Safari/537.36 OPR/98.0.0.0 (Edition std-1)',to_date('15/05/23','DD/MM/RR'));
Insert into HR.SESIONES (ID_USUARIO,TOKEN,DISPOSITIVO,FECHA) values ('54','esguwdwv0fj4ziq2hqcj2onvg827e8h24jka0o7w0qfylans5epzrtjhx7p01xlj3paxqduk2yxtg7cs5h6ld7k6sv5p9d7lb8dkq7gkakyens52gw1','Mozilla/5.0 (Windows NT 10.0; Win64; x64) AppleWebKit/537.36 (KHTML, like Gecko) Chrome/112.0.0.0 Safari/537.36 OPR/98.0.0.0 (Edition std-1)',to_date('15/05/23','DD/MM/RR'));
Insert into HR.SESIONES (ID_USUARIO,TOKEN,DISPOSITIVO,FECHA) values ('54','mpwm241dedp1gjle7nbyad4sjliqzjwip7sm3t0ccu533e30y9gmqmowawv4gaq0rt5jsmzcocltl6kqq0j6rlqpj6fb9k7n8ttp87e9a00k582vzd0vgxe','Mozilla/5.0 (Windows NT 10.0; Win64; x64) AppleWebKit/537.36 (KHTML, like Gecko) Chrome/112.0.0.0 Safari/537.36 OPR/98.0.0.0 (Edition std-1)',to_date('15/05/23','DD/MM/RR'));
Insert into HR.SESIONES (ID_USUARIO,TOKEN,DISPOSITIVO,FECHA) values ('56','q7nyifp62hn794dtvkb0l9as2xf94i9ny5pher195akbd22bex8tjj2il9k53cur4us044dj253zhof286qiiodfi1ubujbdqgvjo5vx3ep745c6knxl4e','Mozilla/5.0 (Windows NT 10.0; Win64; x64) AppleWebKit/537.36 (KHTML, like Gecko) Chrome/112.0.0.0 Safari/537.36 OPR/98.0.0.0 (Edition std-1)',to_date('15/05/23','DD/MM/RR'));
Insert into HR.SESIONES (ID_USUARIO,TOKEN,DISPOSITIVO,FECHA) values ('58','u7dj7b9aewqqqjotc8ltm4dghnkg0edry3qsozoejqcfdvyj8cdsrpb49pnd36wc6xmvvqv7bjcsob46zqk6ljbq2bwzb93iv9lmfnyxllyjh7b1vbq388in','Mozilla/5.0 (Windows NT 10.0; Win64; x64) AppleWebKit/537.36 (KHTML, like Gecko) Chrome/112.0.0.0 Safari/537.36 OPR/98.0.0.0 (Edition std-1)',to_date('16/05/23','DD/MM/RR'));
REM INSERTING into HR.TRABAJOS
SET DEFINE OFF;
Insert into HR.TRABAJOS (ID_TRABAJO,ID_USUARIO,SEGUNDO_APELLIDO,SSC,CODIGO_POSTAL,CIUDAD,CONDADO,ESTADO,PUESTO_TRABAJO,FECHA_NACIMIENTO) values ('30','53','Sancho','123456789','11111','Fort Worth','Tarrant','Texas','WebDeveloper',to_date('17/08/03','DD/MM/RR'));
REM INSERTING into HR.USUARIOS
SET DEFINE OFF;
Insert into HR.USUARIOS (ID_USUARIO,NOMBRE_USUARIO,APELLIDO_USUARIO,CORREO_USUARIO,CONTRA_USUARIO,NUMERO_PEDIDOS,FECHA_REGISTRO,DIRECCION,APARTAMENTO,NOMBRE_EDIFICIO,OPCIONES_ENTREGA,PERMISOS,TELEFONO_USUARIO,NUMERO_TARJETA,CVV,MES_CADUCIDAD) values ('59','Omar','Zas','zzz@gmail.com','f3abb86bd34cf4d52698f14c0da1dc60','12',to_date('16/05/23','DD/MM/RR'),'Papapa','NA','NA','NA','2','0','NA','NA','NA');
Insert into HR.USUARIOS (ID_USUARIO,NOMBRE_USUARIO,APELLIDO_USUARIO,CORREO_USUARIO,CONTRA_USUARIO,NUMERO_PEDIDOS,FECHA_REGISTRO,DIRECCION,APARTAMENTO,NOMBRE_EDIFICIO,OPCIONES_ENTREGA,PERMISOS,TELEFONO_USUARIO,NUMERO_TARJETA,CVV,MES_CADUCIDAD) values ('58','Omaar','Zas','qqq@gmail.com','15de21c670ae7c3f6f3f1f37029303c9','0',to_date('16/05/23','DD/MM/RR'),'NA','NA','NA','NA','0','0','NA','NA','NA');
Insert into HR.USUARIOS (ID_USUARIO,NOMBRE_USUARIO,APELLIDO_USUARIO,CORREO_USUARIO,CONTRA_USUARIO,NUMERO_PEDIDOS,FECHA_REGISTRO,DIRECCION,APARTAMENTO,NOMBRE_EDIFICIO,OPCIONES_ENTREGA,PERMISOS,TELEFONO_USUARIO,NUMERO_TARJETA,CVV,MES_CADUCIDAD) values ('53','Juan','Zas','asd@gmail.com','1c1d4df596d01da60385f0bb17a4a9e0','0',to_date('15/05/23','DD/MM/RR'),'NA','NA','NA','NA','2','0','NA','NA','NA');
Insert into HR.USUARIOS (ID_USUARIO,NOMBRE_USUARIO,APELLIDO_USUARIO,CORREO_USUARIO,CONTRA_USUARIO,NUMERO_PEDIDOS,FECHA_REGISTRO,DIRECCION,APARTAMENTO,NOMBRE_EDIFICIO,OPCIONES_ENTREGA,PERMISOS,TELEFONO_USUARIO,NUMERO_TARJETA,CVV,MES_CADUCIDAD) values ('54','Omar','Gomez','ddd@gmail.com','caf1a3dfb505ffed0d024130f58c5cfa','0',to_date('15/05/23','DD/MM/RR'),'Maestro','5 B','NA','Leave at door','0','6','99999999','366','11/26');
Insert into HR.USUARIOS (ID_USUARIO,NOMBRE_USUARIO,APELLIDO_USUARIO,CORREO_USUARIO,CONTRA_USUARIO,NUMERO_PEDIDOS,FECHA_REGISTRO,DIRECCION,APARTAMENTO,NOMBRE_EDIFICIO,OPCIONES_ENTREGA,PERMISOS,TELEFONO_USUARIO,NUMERO_TARJETA,CVV,MES_CADUCIDAD) values ('56','Juan','Zas','srjzasmd@gmail.com','202cb962ac59075b964b07152d234b70','0',to_date('15/05/23','DD/MM/RR'),'NA','NA','NA','NA','0','0','NA','NA','NA');
Insert into HR.USUARIOS (ID_USUARIO,NOMBRE_USUARIO,APELLIDO_USUARIO,CORREO_USUARIO,CONTRA_USUARIO,NUMERO_PEDIDOS,FECHA_REGISTRO,DIRECCION,APARTAMENTO,NOMBRE_EDIFICIO,OPCIONES_ENTREGA,PERMISOS,TELEFONO_USUARIO,NUMERO_TARJETA,CVV,MES_CADUCIDAD) values ('32','Juan','Zas','srjzasm@gmail.com','202cb962ac59075b964b07152d234b70','0',to_date('10/05/23','DD/MM/RR'),'NA','NA','NA','NA','0','0','NA','NA','NA');
Insert into HR.USUARIOS (ID_USUARIO,NOMBRE_USUARIO,APELLIDO_USUARIO,CORREO_USUARIO,CONTRA_USUARIO,NUMERO_PEDIDOS,FECHA_REGISTRO,DIRECCION,APARTAMENTO,NOMBRE_EDIFICIO,OPCIONES_ENTREGA,PERMISOS,TELEFONO_USUARIO,NUMERO_TARJETA,CVV,MES_CADUCIDAD) values ('55','Juan','Zas','dddd@gmail.com','202cb962ac59075b964b07152d234b70','0',to_date('15/05/23','DD/MM/RR'),'NA','NA','NA','NA','0','0','NA','NA','NA');
--------------------------------------------------------
--  DDL for Index CARACTERISTICAS_PK
--------------------------------------------------------

  CREATE UNIQUE INDEX "CARACTERISTICAS_PK" ON "CARACTERISTICAS" ("ID_CARACTERISTICA") 
  PCTFREE 10 INITRANS 2 MAXTRANS 255 COMPUTE STATISTICS 
  STORAGE(INITIAL 65536 NEXT 1048576 MINEXTENTS 1 MAXEXTENTS 2147483645
  PCTINCREASE 0 FREELISTS 1 FREELIST GROUPS 1 BUFFER_POOL DEFAULT FLASH_CACHE DEFAULT CELL_FLASH_CACHE DEFAULT)
  TABLESPACE "USERS" ;
--------------------------------------------------------
--  DDL for Index SYS_C007012
--------------------------------------------------------

  CREATE UNIQUE INDEX "SYS_C007012" ON "CATEGORIAS" ("ID_CATEGORIA") 
  PCTFREE 10 INITRANS 2 MAXTRANS 255 COMPUTE STATISTICS 
  STORAGE(INITIAL 65536 NEXT 1048576 MINEXTENTS 1 MAXEXTENTS 2147483645
  PCTINCREASE 0 FREELISTS 1 FREELIST GROUPS 1 BUFFER_POOL DEFAULT FLASH_CACHE DEFAULT CELL_FLASH_CACHE DEFAULT)
  TABLESPACE "USERS" ;
--------------------------------------------------------
--  DDL for Index SYS_C007021
--------------------------------------------------------

  CREATE UNIQUE INDEX "SYS_C007021" ON "PRODUCTOS" ("ID_PRODUCTO") 
  PCTFREE 10 INITRANS 2 MAXTRANS 255 COMPUTE STATISTICS 
  STORAGE(INITIAL 65536 NEXT 1048576 MINEXTENTS 1 MAXEXTENTS 2147483645
  PCTINCREASE 0 FREELISTS 1 FREELIST GROUPS 1 BUFFER_POOL DEFAULT FLASH_CACHE DEFAULT CELL_FLASH_CACHE DEFAULT)
  TABLESPACE "USERS" ;
--------------------------------------------------------
--  DDL for Index SYS_C007035
--------------------------------------------------------

  CREATE UNIQUE INDEX "SYS_C007035" ON "PEDIDOS" ("NUMERO_PEDIDO") 
  PCTFREE 10 INITRANS 2 MAXTRANS 255 COMPUTE STATISTICS 
  STORAGE(INITIAL 65536 NEXT 1048576 MINEXTENTS 1 MAXEXTENTS 2147483645
  PCTINCREASE 0 FREELISTS 1 FREELIST GROUPS 1 BUFFER_POOL DEFAULT FLASH_CACHE DEFAULT CELL_FLASH_CACHE DEFAULT)
  TABLESPACE "USERS" ;
--------------------------------------------------------
--  DDL for Index SYS_C007053
--------------------------------------------------------

  CREATE UNIQUE INDEX "SYS_C007053" ON "USUARIOS" ("ID_USUARIO") 
  PCTFREE 10 INITRANS 2 MAXTRANS 255 COMPUTE STATISTICS 
  STORAGE(INITIAL 65536 NEXT 1048576 MINEXTENTS 1 MAXEXTENTS 2147483645
  PCTINCREASE 0 FREELISTS 1 FREELIST GROUPS 1 BUFFER_POOL DEFAULT FLASH_CACHE DEFAULT CELL_FLASH_CACHE DEFAULT)
  TABLESPACE "USERS" ;
--------------------------------------------------------
--  DDL for Index SYS_C007127
--------------------------------------------------------

  CREATE UNIQUE INDEX "SYS_C007127" ON "INFOPEDIDOS" ("ID_INFO") 
  PCTFREE 10 INITRANS 2 MAXTRANS 255 COMPUTE STATISTICS 
  STORAGE(INITIAL 65536 NEXT 1048576 MINEXTENTS 1 MAXEXTENTS 2147483645
  PCTINCREASE 0 FREELISTS 1 FREELIST GROUPS 1 BUFFER_POOL DEFAULT FLASH_CACHE DEFAULT CELL_FLASH_CACHE DEFAULT)
  TABLESPACE "USERS" ;
--------------------------------------------------------
--  DDL for Index SYS_C007152
--------------------------------------------------------

  CREATE UNIQUE INDEX "SYS_C007152" ON "TRABAJOS" ("ID_TRABAJO") 
  PCTFREE 10 INITRANS 2 MAXTRANS 255 COMPUTE STATISTICS 
  STORAGE(INITIAL 65536 NEXT 1048576 MINEXTENTS 1 MAXEXTENTS 2147483645
  PCTINCREASE 0 FREELISTS 1 FREELIST GROUPS 1 BUFFER_POOL DEFAULT FLASH_CACHE DEFAULT CELL_FLASH_CACHE DEFAULT)
  TABLESPACE "USERS" ;
--------------------------------------------------------
--  DDL for Index SYS_C007153
--------------------------------------------------------

  CREATE UNIQUE INDEX "SYS_C007153" ON "CONTACTOS" ("ID_CONTACTO") 
  PCTFREE 10 INITRANS 2 MAXTRANS 255 COMPUTE STATISTICS 
  STORAGE(INITIAL 65536 NEXT 1048576 MINEXTENTS 1 MAXEXTENTS 2147483645
  PCTINCREASE 0 FREELISTS 1 FREELIST GROUPS 1 BUFFER_POOL DEFAULT FLASH_CACHE DEFAULT CELL_FLASH_CACHE DEFAULT)
  TABLESPACE "USERS" ;
--------------------------------------------------------
--  DDL for Index CARACTERISTICAS_PK
--------------------------------------------------------

  CREATE UNIQUE INDEX "CARACTERISTICAS_PK" ON "CARACTERISTICAS" ("ID_CARACTERISTICA") 
  PCTFREE 10 INITRANS 2 MAXTRANS 255 COMPUTE STATISTICS 
  STORAGE(INITIAL 65536 NEXT 1048576 MINEXTENTS 1 MAXEXTENTS 2147483645
  PCTINCREASE 0 FREELISTS 1 FREELIST GROUPS 1 BUFFER_POOL DEFAULT FLASH_CACHE DEFAULT CELL_FLASH_CACHE DEFAULT)
  TABLESPACE "USERS" ;
--------------------------------------------------------
--  DDL for Index SYS_C007012
--------------------------------------------------------

  CREATE UNIQUE INDEX "SYS_C007012" ON "CATEGORIAS" ("ID_CATEGORIA") 
  PCTFREE 10 INITRANS 2 MAXTRANS 255 COMPUTE STATISTICS 
  STORAGE(INITIAL 65536 NEXT 1048576 MINEXTENTS 1 MAXEXTENTS 2147483645
  PCTINCREASE 0 FREELISTS 1 FREELIST GROUPS 1 BUFFER_POOL DEFAULT FLASH_CACHE DEFAULT CELL_FLASH_CACHE DEFAULT)
  TABLESPACE "USERS" ;
--------------------------------------------------------
--  DDL for Index SYS_C007153
--------------------------------------------------------

  CREATE UNIQUE INDEX "SYS_C007153" ON "CONTACTOS" ("ID_CONTACTO") 
  PCTFREE 10 INITRANS 2 MAXTRANS 255 COMPUTE STATISTICS 
  STORAGE(INITIAL 65536 NEXT 1048576 MINEXTENTS 1 MAXEXTENTS 2147483645
  PCTINCREASE 0 FREELISTS 1 FREELIST GROUPS 1 BUFFER_POOL DEFAULT FLASH_CACHE DEFAULT CELL_FLASH_CACHE DEFAULT)
  TABLESPACE "USERS" ;
--------------------------------------------------------
--  DDL for Index SYS_C007127
--------------------------------------------------------

  CREATE UNIQUE INDEX "SYS_C007127" ON "INFOPEDIDOS" ("ID_INFO") 
  PCTFREE 10 INITRANS 2 MAXTRANS 255 COMPUTE STATISTICS 
  STORAGE(INITIAL 65536 NEXT 1048576 MINEXTENTS 1 MAXEXTENTS 2147483645
  PCTINCREASE 0 FREELISTS 1 FREELIST GROUPS 1 BUFFER_POOL DEFAULT FLASH_CACHE DEFAULT CELL_FLASH_CACHE DEFAULT)
  TABLESPACE "USERS" ;
--------------------------------------------------------
--  DDL for Index SYS_C007035
--------------------------------------------------------

  CREATE UNIQUE INDEX "SYS_C007035" ON "PEDIDOS" ("NUMERO_PEDIDO") 
  PCTFREE 10 INITRANS 2 MAXTRANS 255 COMPUTE STATISTICS 
  STORAGE(INITIAL 65536 NEXT 1048576 MINEXTENTS 1 MAXEXTENTS 2147483645
  PCTINCREASE 0 FREELISTS 1 FREELIST GROUPS 1 BUFFER_POOL DEFAULT FLASH_CACHE DEFAULT CELL_FLASH_CACHE DEFAULT)
  TABLESPACE "USERS" ;
--------------------------------------------------------
--  DDL for Index SYS_C007021
--------------------------------------------------------

  CREATE UNIQUE INDEX "SYS_C007021" ON "PRODUCTOS" ("ID_PRODUCTO") 
  PCTFREE 10 INITRANS 2 MAXTRANS 255 COMPUTE STATISTICS 
  STORAGE(INITIAL 65536 NEXT 1048576 MINEXTENTS 1 MAXEXTENTS 2147483645
  PCTINCREASE 0 FREELISTS 1 FREELIST GROUPS 1 BUFFER_POOL DEFAULT FLASH_CACHE DEFAULT CELL_FLASH_CACHE DEFAULT)
  TABLESPACE "USERS" ;
--------------------------------------------------------
--  DDL for Index SYS_C007152
--------------------------------------------------------

  CREATE UNIQUE INDEX "SYS_C007152" ON "TRABAJOS" ("ID_TRABAJO") 
  PCTFREE 10 INITRANS 2 MAXTRANS 255 COMPUTE STATISTICS 
  STORAGE(INITIAL 65536 NEXT 1048576 MINEXTENTS 1 MAXEXTENTS 2147483645
  PCTINCREASE 0 FREELISTS 1 FREELIST GROUPS 1 BUFFER_POOL DEFAULT FLASH_CACHE DEFAULT CELL_FLASH_CACHE DEFAULT)
  TABLESPACE "USERS" ;
--------------------------------------------------------
--  DDL for Index SYS_C007053
--------------------------------------------------------

  CREATE UNIQUE INDEX "SYS_C007053" ON "USUARIOS" ("ID_USUARIO") 
  PCTFREE 10 INITRANS 2 MAXTRANS 255 COMPUTE STATISTICS 
  STORAGE(INITIAL 65536 NEXT 1048576 MINEXTENTS 1 MAXEXTENTS 2147483645
  PCTINCREASE 0 FREELISTS 1 FREELIST GROUPS 1 BUFFER_POOL DEFAULT FLASH_CACHE DEFAULT CELL_FLASH_CACHE DEFAULT)
  TABLESPACE "USERS" ;
--------------------------------------------------------
--  DDL for Trigger CARACTERISTICAS_TRG
--------------------------------------------------------

  CREATE OR REPLACE TRIGGER "CARACTERISTICAS_TRG" 
BEFORE INSERT ON CARACTERISTICAS 
FOR EACH ROW 
BEGIN
  <<COLUMN_SEQUENCES>>
  BEGIN
    IF INSERTING AND :NEW.ID_CARACTERISTICA IS NULL THEN
      SELECT CARACTERISTICAS_SEQ.NEXTVAL INTO :NEW.ID_CARACTERISTICA FROM SYS.DUAL;
    END IF;
  END COLUMN_SEQUENCES;
END;
/
ALTER TRIGGER "CARACTERISTICAS_TRG" ENABLE;
--------------------------------------------------------
--  DDL for Trigger CATEGORIAS_TRG
--------------------------------------------------------

  CREATE OR REPLACE TRIGGER "CATEGORIAS_TRG" 
BEFORE INSERT ON CATEGORIAS 
FOR EACH ROW 
BEGIN
  <<COLUMN_SEQUENCES>>
  BEGIN
    IF INSERTING AND :NEW.ID_CATEGORIA IS NULL THEN
      SELECT CATEGORIAS_SEQ.NEXTVAL INTO :NEW.ID_CATEGORIA FROM SYS.DUAL;
    END IF;
  END COLUMN_SEQUENCES;
END;
/
ALTER TRIGGER "CATEGORIAS_TRG" ENABLE;
--------------------------------------------------------
--  DDL for Trigger CONTACTOS_TRG
--------------------------------------------------------

  CREATE OR REPLACE TRIGGER "CONTACTOS_TRG" 
BEFORE INSERT ON CONTACTOS 
FOR EACH ROW 
BEGIN
  <<COLUMN_SEQUENCES>>
  BEGIN
    IF INSERTING AND :NEW.ID_CONTACTO IS NULL THEN
      SELECT CONTACTOS_SEQ.NEXTVAL INTO :NEW.ID_CONTACTO FROM SYS.DUAL;
    END IF;
  END COLUMN_SEQUENCES;
END;
/
ALTER TRIGGER "CONTACTOS_TRG" ENABLE;
--------------------------------------------------------
--  DDL for Trigger INFOPEDIDOS_TRG
--------------------------------------------------------

  CREATE OR REPLACE TRIGGER "INFOPEDIDOS_TRG" 
BEFORE INSERT ON INFOPEDIDOS 
FOR EACH ROW 
BEGIN
  <<COLUMN_SEQUENCES>>
  BEGIN
    IF INSERTING AND :NEW.ID_INFO IS NULL THEN
      SELECT INFOPEDIDOS_SEQ1.NEXTVAL INTO :NEW.ID_INFO FROM SYS.DUAL;
    END IF;
  END COLUMN_SEQUENCES;
END;
/
ALTER TRIGGER "INFOPEDIDOS_TRG" ENABLE;
--------------------------------------------------------
--  DDL for Trigger PEDIDOS_TRG
--------------------------------------------------------

  CREATE OR REPLACE TRIGGER "PEDIDOS_TRG" 
BEFORE INSERT ON PEDIDOS 
FOR EACH ROW 
BEGIN
  <<COLUMN_SEQUENCES>>
  BEGIN
    IF INSERTING AND :NEW.NUMERO_PEDIDO IS NULL THEN
      SELECT PEDIDOS_SEQ.NEXTVAL INTO :NEW.NUMERO_PEDIDO FROM SYS.DUAL;
    END IF;
  END COLUMN_SEQUENCES;
END;
/
ALTER TRIGGER "PEDIDOS_TRG" ENABLE;
--------------------------------------------------------
--  DDL for Trigger PRODUCTOS_TRG
--------------------------------------------------------

  CREATE OR REPLACE TRIGGER "PRODUCTOS_TRG" 
BEFORE INSERT ON PRODUCTOS 
FOR EACH ROW 
BEGIN
  <<COLUMN_SEQUENCES>>
  BEGIN
    IF INSERTING AND :NEW.ID_PRODUCTO IS NULL THEN
      SELECT PRODUCTOS_SEQ.NEXTVAL INTO :NEW.ID_PRODUCTO FROM SYS.DUAL;
    END IF;
  END COLUMN_SEQUENCES;
END;
/
ALTER TRIGGER "PRODUCTOS_TRG" ENABLE;
--------------------------------------------------------
--  DDL for Trigger TRABAJOS_TRG
--------------------------------------------------------

  CREATE OR REPLACE TRIGGER "TRABAJOS_TRG" 
BEFORE INSERT ON TRABAJOS 
FOR EACH ROW 
BEGIN
  <<COLUMN_SEQUENCES>>
  BEGIN
    IF INSERTING AND :NEW.ID_TRABAJO IS NULL THEN
      SELECT TRABAJOS_SEQ.NEXTVAL INTO :NEW.ID_TRABAJO FROM SYS.DUAL;
    END IF;
  END COLUMN_SEQUENCES;
END;
/
ALTER TRIGGER "TRABAJOS_TRG" ENABLE;
--------------------------------------------------------
--  DDL for Trigger USUARIOS_TRG
--------------------------------------------------------

  CREATE OR REPLACE TRIGGER "USUARIOS_TRG" 
BEFORE INSERT ON USUARIOS 
FOR EACH ROW 
BEGIN
  <<COLUMN_SEQUENCES>>
  BEGIN
    NULL;
  END COLUMN_SEQUENCES;
END;
/
ALTER TRIGGER "USUARIOS_TRG" ENABLE;
--------------------------------------------------------
--  DDL for Trigger USUARIOS_TRG1
--------------------------------------------------------

  CREATE OR REPLACE TRIGGER "USUARIOS_TRG1" 
BEFORE INSERT ON USUARIOS 
FOR EACH ROW 
BEGIN
  <<COLUMN_SEQUENCES>>
  BEGIN
    IF INSERTING AND :NEW.ID_USUARIO IS NULL THEN
      SELECT USUARIOS_SEQ1.NEXTVAL INTO :NEW.ID_USUARIO FROM SYS.DUAL;
    END IF;
  END COLUMN_SEQUENCES;
END;
/
ALTER TRIGGER "USUARIOS_TRG1" ENABLE;
--------------------------------------------------------
--  DDL for Trigger CARACTERISTICAS_TRG
--------------------------------------------------------

  CREATE OR REPLACE TRIGGER "CARACTERISTICAS_TRG" 
BEFORE INSERT ON CARACTERISTICAS 
FOR EACH ROW 
BEGIN
  <<COLUMN_SEQUENCES>>
  BEGIN
    IF INSERTING AND :NEW.ID_CARACTERISTICA IS NULL THEN
      SELECT CARACTERISTICAS_SEQ.NEXTVAL INTO :NEW.ID_CARACTERISTICA FROM SYS.DUAL;
    END IF;
  END COLUMN_SEQUENCES;
END;
/
ALTER TRIGGER "CARACTERISTICAS_TRG" ENABLE;
--------------------------------------------------------
--  DDL for Trigger CATEGORIAS_TRG
--------------------------------------------------------

  CREATE OR REPLACE TRIGGER "CATEGORIAS_TRG" 
BEFORE INSERT ON CATEGORIAS 
FOR EACH ROW 
BEGIN
  <<COLUMN_SEQUENCES>>
  BEGIN
    IF INSERTING AND :NEW.ID_CATEGORIA IS NULL THEN
      SELECT CATEGORIAS_SEQ.NEXTVAL INTO :NEW.ID_CATEGORIA FROM SYS.DUAL;
    END IF;
  END COLUMN_SEQUENCES;
END;
/
ALTER TRIGGER "CATEGORIAS_TRG" ENABLE;
--------------------------------------------------------
--  DDL for Trigger CONTACTOS_TRG
--------------------------------------------------------

  CREATE OR REPLACE TRIGGER "CONTACTOS_TRG" 
BEFORE INSERT ON CONTACTOS 
FOR EACH ROW 
BEGIN
  <<COLUMN_SEQUENCES>>
  BEGIN
    IF INSERTING AND :NEW.ID_CONTACTO IS NULL THEN
      SELECT CONTACTOS_SEQ.NEXTVAL INTO :NEW.ID_CONTACTO FROM SYS.DUAL;
    END IF;
  END COLUMN_SEQUENCES;
END;
/
ALTER TRIGGER "CONTACTOS_TRG" ENABLE;
--------------------------------------------------------
--  DDL for Trigger INFOPEDIDOS_TRG
--------------------------------------------------------

  CREATE OR REPLACE TRIGGER "INFOPEDIDOS_TRG" 
BEFORE INSERT ON INFOPEDIDOS 
FOR EACH ROW 
BEGIN
  <<COLUMN_SEQUENCES>>
  BEGIN
    IF INSERTING AND :NEW.ID_INFO IS NULL THEN
      SELECT INFOPEDIDOS_SEQ1.NEXTVAL INTO :NEW.ID_INFO FROM SYS.DUAL;
    END IF;
  END COLUMN_SEQUENCES;
END;
/
ALTER TRIGGER "INFOPEDIDOS_TRG" ENABLE;
--------------------------------------------------------
--  DDL for Trigger PEDIDOS_TRG
--------------------------------------------------------

  CREATE OR REPLACE TRIGGER "PEDIDOS_TRG" 
BEFORE INSERT ON PEDIDOS 
FOR EACH ROW 
BEGIN
  <<COLUMN_SEQUENCES>>
  BEGIN
    IF INSERTING AND :NEW.NUMERO_PEDIDO IS NULL THEN
      SELECT PEDIDOS_SEQ.NEXTVAL INTO :NEW.NUMERO_PEDIDO FROM SYS.DUAL;
    END IF;
  END COLUMN_SEQUENCES;
END;
/
ALTER TRIGGER "PEDIDOS_TRG" ENABLE;
--------------------------------------------------------
--  DDL for Trigger PRODUCTOS_TRG
--------------------------------------------------------

  CREATE OR REPLACE TRIGGER "PRODUCTOS_TRG" 
BEFORE INSERT ON PRODUCTOS 
FOR EACH ROW 
BEGIN
  <<COLUMN_SEQUENCES>>
  BEGIN
    IF INSERTING AND :NEW.ID_PRODUCTO IS NULL THEN
      SELECT PRODUCTOS_SEQ.NEXTVAL INTO :NEW.ID_PRODUCTO FROM SYS.DUAL;
    END IF;
  END COLUMN_SEQUENCES;
END;
/
ALTER TRIGGER "PRODUCTOS_TRG" ENABLE;
--------------------------------------------------------
--  DDL for Trigger TRABAJOS_TRG
--------------------------------------------------------

  CREATE OR REPLACE TRIGGER "TRABAJOS_TRG" 
BEFORE INSERT ON TRABAJOS 
FOR EACH ROW 
BEGIN
  <<COLUMN_SEQUENCES>>
  BEGIN
    IF INSERTING AND :NEW.ID_TRABAJO IS NULL THEN
      SELECT TRABAJOS_SEQ.NEXTVAL INTO :NEW.ID_TRABAJO FROM SYS.DUAL;
    END IF;
  END COLUMN_SEQUENCES;
END;
/
ALTER TRIGGER "TRABAJOS_TRG" ENABLE;
--------------------------------------------------------
--  DDL for Trigger USUARIOS_TRG1
--------------------------------------------------------

  CREATE OR REPLACE TRIGGER "USUARIOS_TRG1" 
BEFORE INSERT ON USUARIOS 
FOR EACH ROW 
BEGIN
  <<COLUMN_SEQUENCES>>
  BEGIN
    IF INSERTING AND :NEW.ID_USUARIO IS NULL THEN
      SELECT USUARIOS_SEQ1.NEXTVAL INTO :NEW.ID_USUARIO FROM SYS.DUAL;
    END IF;
  END COLUMN_SEQUENCES;
END;
/
ALTER TRIGGER "USUARIOS_TRG1" ENABLE;
--------------------------------------------------------
--  DDL for Trigger USUARIOS_TRG
--------------------------------------------------------

  CREATE OR REPLACE TRIGGER "USUARIOS_TRG" 
BEFORE INSERT ON USUARIOS 
FOR EACH ROW 
BEGIN
  <<COLUMN_SEQUENCES>>
  BEGIN
    NULL;
  END COLUMN_SEQUENCES;
END;
/
ALTER TRIGGER "USUARIOS_TRG" ENABLE;
--------------------------------------------------------
--  DDL for Procedure ADD_JOB_HISTORY
--------------------------------------------------------
set define off;

  CREATE OR REPLACE PROCEDURE "ADD_JOB_HISTORY" 
  (  p_emp_id          job_history.employee_id%type
   , p_start_date      job_history.start_date%type
   , p_end_date        job_history.end_date%type
   , p_job_id          job_history.job_id%type
   , p_department_id   job_history.department_id%type
   )
IS
BEGIN
  INSERT INTO job_history (employee_id, start_date, end_date,
                           job_id, department_id)
    VALUES(p_emp_id, p_start_date, p_end_date, p_job_id, p_department_id);
END add_job_history;

/
--------------------------------------------------------
--  DDL for Procedure SECURE_DML
--------------------------------------------------------
set define off;

  CREATE OR REPLACE PROCEDURE "SECURE_DML" 
IS
BEGIN
  IF TO_CHAR (SYSDATE, 'HH24:MI') NOT BETWEEN '08:00' AND '18:00'
        OR TO_CHAR (SYSDATE, 'DY') IN ('SAT', 'SUN') THEN
	RAISE_APPLICATION_ERROR (-20205,
		'You may only make changes during normal office hours');
  END IF;
END secure_dml;

/
--------------------------------------------------------
--  Constraints for Table CARACTERISTICAS
--------------------------------------------------------

  ALTER TABLE "CARACTERISTICAS" ADD CONSTRAINT "CARACTERISTICAS_PK" PRIMARY KEY ("ID_CARACTERISTICA")
  USING INDEX PCTFREE 10 INITRANS 2 MAXTRANS 255 COMPUTE STATISTICS 
  STORAGE(INITIAL 65536 NEXT 1048576 MINEXTENTS 1 MAXEXTENTS 2147483645
  PCTINCREASE 0 FREELISTS 1 FREELIST GROUPS 1 BUFFER_POOL DEFAULT FLASH_CACHE DEFAULT CELL_FLASH_CACHE DEFAULT)
  TABLESPACE "USERS"  ENABLE;
  ALTER TABLE "CARACTERISTICAS" MODIFY ("VALOR_CARACTERISTICA" NOT NULL ENABLE);
  ALTER TABLE "CARACTERISTICAS" MODIFY ("NOMBRE_CARACTERISTICA" NOT NULL ENABLE);
  ALTER TABLE "CARACTERISTICAS" MODIFY ("ID_CARACTERISTICA" NOT NULL ENABLE);
--------------------------------------------------------
--  Constraints for Table CATEGORIAS
--------------------------------------------------------

  ALTER TABLE "CATEGORIAS" ADD PRIMARY KEY ("ID_CATEGORIA")
  USING INDEX PCTFREE 10 INITRANS 2 MAXTRANS 255 COMPUTE STATISTICS 
  STORAGE(INITIAL 65536 NEXT 1048576 MINEXTENTS 1 MAXEXTENTS 2147483645
  PCTINCREASE 0 FREELISTS 1 FREELIST GROUPS 1 BUFFER_POOL DEFAULT FLASH_CACHE DEFAULT CELL_FLASH_CACHE DEFAULT)
  TABLESPACE "USERS"  ENABLE;
  ALTER TABLE "CATEGORIAS" MODIFY ("NOMBRE_CATEGORIA" NOT NULL ENABLE);
  ALTER TABLE "CATEGORIAS" MODIFY ("ID_CATEGORIA" NOT NULL ENABLE);
--------------------------------------------------------
--  Constraints for Table CONTACTOS
--------------------------------------------------------

  ALTER TABLE "CONTACTOS" ADD PRIMARY KEY ("ID_CONTACTO")
  USING INDEX PCTFREE 10 INITRANS 2 MAXTRANS 255 COMPUTE STATISTICS 
  STORAGE(INITIAL 65536 NEXT 1048576 MINEXTENTS 1 MAXEXTENTS 2147483645
  PCTINCREASE 0 FREELISTS 1 FREELIST GROUPS 1 BUFFER_POOL DEFAULT FLASH_CACHE DEFAULT CELL_FLASH_CACHE DEFAULT)
  TABLESPACE "USERS"  ENABLE;
--------------------------------------------------------
--  Constraints for Table INFOPEDIDOS
--------------------------------------------------------

  ALTER TABLE "INFOPEDIDOS" ADD PRIMARY KEY ("ID_INFO")
  USING INDEX PCTFREE 10 INITRANS 2 MAXTRANS 255 COMPUTE STATISTICS 
  STORAGE(INITIAL 65536 NEXT 1048576 MINEXTENTS 1 MAXEXTENTS 2147483645
  PCTINCREASE 0 FREELISTS 1 FREELIST GROUPS 1 BUFFER_POOL DEFAULT FLASH_CACHE DEFAULT CELL_FLASH_CACHE DEFAULT)
  TABLESPACE "USERS"  ENABLE;
  ALTER TABLE "INFOPEDIDOS" MODIFY ("CANTIDAD" NOT NULL ENABLE);
  ALTER TABLE "INFOPEDIDOS" MODIFY ("FECHA" NOT NULL ENABLE);
  ALTER TABLE "INFOPEDIDOS" MODIFY ("ID_PRODUCTO" NOT NULL ENABLE);
  ALTER TABLE "INFOPEDIDOS" MODIFY ("NUMERO_PEDIDO" NOT NULL ENABLE);
  ALTER TABLE "INFOPEDIDOS" MODIFY ("ID_INFO" NOT NULL ENABLE);
--------------------------------------------------------
--  Constraints for Table PEDIDOS
--------------------------------------------------------

  ALTER TABLE "PEDIDOS" ADD PRIMARY KEY ("NUMERO_PEDIDO")
  USING INDEX PCTFREE 10 INITRANS 2 MAXTRANS 255 COMPUTE STATISTICS 
  STORAGE(INITIAL 65536 NEXT 1048576 MINEXTENTS 1 MAXEXTENTS 2147483645
  PCTINCREASE 0 FREELISTS 1 FREELIST GROUPS 1 BUFFER_POOL DEFAULT FLASH_CACHE DEFAULT CELL_FLASH_CACHE DEFAULT)
  TABLESPACE "USERS"  ENABLE;
  ALTER TABLE "PEDIDOS" MODIFY ("ESTADO" NOT NULL ENABLE);
  ALTER TABLE "PEDIDOS" MODIFY ("DIRECCION_ENVIO" NOT NULL ENABLE);
  ALTER TABLE "PEDIDOS" MODIFY ("ID_USUARIO" NOT NULL ENABLE);
  ALTER TABLE "PEDIDOS" MODIFY ("NUMERO_PEDIDO" NOT NULL ENABLE);
--------------------------------------------------------
--  Constraints for Table PRODUCTOS
--------------------------------------------------------

  ALTER TABLE "PRODUCTOS" ADD PRIMARY KEY ("ID_PRODUCTO")
  USING INDEX PCTFREE 10 INITRANS 2 MAXTRANS 255 COMPUTE STATISTICS 
  STORAGE(INITIAL 65536 NEXT 1048576 MINEXTENTS 1 MAXEXTENTS 2147483645
  PCTINCREASE 0 FREELISTS 1 FREELIST GROUPS 1 BUFFER_POOL DEFAULT FLASH_CACHE DEFAULT CELL_FLASH_CACHE DEFAULT)
  TABLESPACE "USERS"  ENABLE;
  ALTER TABLE "PRODUCTOS" MODIFY ("ID_CARACTERISTICA" NOT NULL ENABLE);
  ALTER TABLE "PRODUCTOS" MODIFY ("ID_CATEGORIA" NOT NULL ENABLE);
  ALTER TABLE "PRODUCTOS" MODIFY ("STOCK" NOT NULL ENABLE);
  ALTER TABLE "PRODUCTOS" MODIFY ("COSTE_BASE" NOT NULL ENABLE);
  ALTER TABLE "PRODUCTOS" MODIFY ("FOTO_PRODUCTO" NOT NULL ENABLE);
  ALTER TABLE "PRODUCTOS" MODIFY ("DESCRIPCION_PRODUCTO" NOT NULL ENABLE);
  ALTER TABLE "PRODUCTOS" MODIFY ("NOMBRE_PRODUCTO" NOT NULL ENABLE);
  ALTER TABLE "PRODUCTOS" MODIFY ("ID_PRODUCTO" NOT NULL ENABLE);
--------------------------------------------------------
--  Constraints for Table SESIONES
--------------------------------------------------------

  ALTER TABLE "SESIONES" MODIFY ("FECHA" NOT NULL ENABLE);
  ALTER TABLE "SESIONES" MODIFY ("DISPOSITIVO" NOT NULL ENABLE);
  ALTER TABLE "SESIONES" MODIFY ("TOKEN" NOT NULL ENABLE);
  ALTER TABLE "SESIONES" MODIFY ("ID_USUARIO" NOT NULL ENABLE);
--------------------------------------------------------
--  Constraints for Table TRABAJOS
--------------------------------------------------------

  ALTER TABLE "TRABAJOS" ADD PRIMARY KEY ("ID_TRABAJO")
  USING INDEX PCTFREE 10 INITRANS 2 MAXTRANS 255 COMPUTE STATISTICS 
  STORAGE(INITIAL 65536 NEXT 1048576 MINEXTENTS 1 MAXEXTENTS 2147483645
  PCTINCREASE 0 FREELISTS 1 FREELIST GROUPS 1 BUFFER_POOL DEFAULT FLASH_CACHE DEFAULT CELL_FLASH_CACHE DEFAULT)
  TABLESPACE "USERS"  ENABLE;
--------------------------------------------------------
--  Constraints for Table USUARIOS
--------------------------------------------------------

  ALTER TABLE "USUARIOS" MODIFY ("MES_CADUCIDAD" NOT NULL ENABLE);
  ALTER TABLE "USUARIOS" MODIFY ("CVV" NOT NULL ENABLE);
  ALTER TABLE "USUARIOS" MODIFY ("NUMERO_TARJETA" NOT NULL ENABLE);
  ALTER TABLE "USUARIOS" MODIFY ("PERMISOS" NOT NULL ENABLE);
  ALTER TABLE "USUARIOS" MODIFY ("OPCIONES_ENTREGA" NOT NULL ENABLE);
  ALTER TABLE "USUARIOS" MODIFY ("NOMBRE_EDIFICIO" NOT NULL ENABLE);
  ALTER TABLE "USUARIOS" ADD PRIMARY KEY ("ID_USUARIO")
  USING INDEX PCTFREE 10 INITRANS 2 MAXTRANS 255 COMPUTE STATISTICS 
  STORAGE(INITIAL 65536 NEXT 1048576 MINEXTENTS 1 MAXEXTENTS 2147483645
  PCTINCREASE 0 FREELISTS 1 FREELIST GROUPS 1 BUFFER_POOL DEFAULT FLASH_CACHE DEFAULT CELL_FLASH_CACHE DEFAULT)
  TABLESPACE "USERS"  ENABLE;
  ALTER TABLE "USUARIOS" MODIFY ("APARTAMENTO" NOT NULL ENABLE);
  ALTER TABLE "USUARIOS" MODIFY ("DIRECCION" NOT NULL ENABLE);
  ALTER TABLE "USUARIOS" MODIFY ("FECHA_REGISTRO" NOT NULL ENABLE);
  ALTER TABLE "USUARIOS" MODIFY ("NUMERO_PEDIDOS" NOT NULL ENABLE);
  ALTER TABLE "USUARIOS" MODIFY ("TELEFONO_USUARIO" NOT NULL ENABLE);
  ALTER TABLE "USUARIOS" MODIFY ("CONTRA_USUARIO" NOT NULL ENABLE);
  ALTER TABLE "USUARIOS" MODIFY ("CORREO_USUARIO" NOT NULL ENABLE);
  ALTER TABLE "USUARIOS" MODIFY ("APELLIDO_USUARIO" NOT NULL ENABLE);
  ALTER TABLE "USUARIOS" MODIFY ("NOMBRE_USUARIO" NOT NULL ENABLE);
  ALTER TABLE "USUARIOS" MODIFY ("ID_USUARIO" NOT NULL ENABLE);
--------------------------------------------------------
--  Ref Constraints for Table INFOPEDIDOS
--------------------------------------------------------

  ALTER TABLE "INFOPEDIDOS" ADD CONSTRAINT "FK_IDPRODUCTO_1" FOREIGN KEY ("ID_PRODUCTO")
	  REFERENCES "PRODUCTOS" ("ID_PRODUCTO") ENABLE;
  ALTER TABLE "INFOPEDIDOS" ADD CONSTRAINT "FK_NUMEROPEDIDO" FOREIGN KEY ("NUMERO_PEDIDO")
	  REFERENCES "PEDIDOS" ("NUMERO_PEDIDO") ENABLE;
--------------------------------------------------------
--  Ref Constraints for Table TRABAJOS
--------------------------------------------------------

  ALTER TABLE "TRABAJOS" ADD CONSTRAINT "FK_USERID_TRABAJOS" FOREIGN KEY ("ID_USUARIO")
	  REFERENCES "USUARIOS" ("ID_USUARIO") ENABLE;
